text,True_Label,Prediction_Model1,Prediction_Model2
"A new and ""Green"" township will be rising in the South, MAPLE GROVE.  For the first time, Megaworld is offering a chance of a lifetime to acquire the most prime COMMERCIAL LOT(s) in the rapidly developing business district of Gen. Trias Cavite.  Lot sizes range from 440 to 1,000 sqm (with option to combine)  Limited inventory only. Get yours at PRE-SELLING prices TODAY! We are now accepting reservations.  For more details and information, please contact:  Andrew @ ++63917****689",spam,ham,ham
"Celebrate the season of love with a sweet staycation and an intimate dinner for two by the poolside at your urban oasis, Edsa Shangri-La, Manila. Call 633 8888.",spam,ham,ham
Shangri-La Updates:  RISEmakati  -One-of-a-kind residential & commercial development -Premier outstanding amenities -Prices start at 5M  Inquiries are welcome!  Pls. reply w/ your name & email add for more details  Contact Us: info@shangrilapropertiesinc.com  www.shangrilapropertiesinc.com/rise-makati,spam,ham,ham
"Co in Makati needs Software Java Developer, knowledgeable in JAVA,  in design, development & implementation of software applications , can start asap, kimphil28@gmail.com",spam,ham,ham
"Co in Makati needs Software Java Developer, Bachelors degree, knowledgeable in JAVA, in design, development & implementation of software applications , can start asap, kimphil28@gmail.com",spam,ham,ham
"Co in Makati needs Software Java Developer, Bachelors degree, knowledgeable in JAVA, in design, development & implementation of software applications , kimphil28@gmail.com",spam,ham,ham
"Dine, swim, and get away for a day without having to leave the city at Edsa Shangri-La, Manila's HEAT, The Sunday Side, for Php2,400net per person. Call 6338888",spam,ham,ham
"Now Available: ""INSTANTLY AGELESS"" Effective and proven to erase eyebags and wrinkles in 2 minutes. Made in USA. If interested to buy, please reply.",spam,ham,ham
Shangri-La Updates: RISEmakati  -One-of-a-kind residential & commercial development -Premier outstanding amenities -Prices start at 5.2M  Pls. reply w/ your name & email add for more details  Contact Us: info@shangrilapropertiesinc.com  www.shangrilapropertiesinc.com/rise-makati,spam,ham,ham
"RESALE OFFICE and CONDO UNITS VERY MUCH LOWER THAN MARKET PRICE!  - Ortigas, Makati, MOA Area - 25-150 sq.m available - Enjoy big discounts - Assume balance 0% interest  SMS for inquiries - Thank you",spam,ham,ham
"Introducing the latest 140-hectare ""green city"" business district & township development in the South, the MAPLE GROVE.  COMMERCIAL LOTS are up for sale at this budding Makati-inspired business district in General Trias, Cavite - only 20 minutes away from Mall of Asia and Entertainment City via CAVITEX.  Lots from 439 to 1,750 sqm are available. Office buildings, business hotels, medical facilities, etc. may be built on these lots.  Avail now at pre-selling prices and be one of the few owners of commercial lots at the FUTURE CENTRAL BUSINESS DISTRICT this country's biggest developers are developing.  For a presentation on the project, please contact our sales manager, Ms. Beatrice, at +63917****998.  Megaworld Corp.",spam,ham,ham
"Megaworld's Newly launched Pre-selling Prime Commercial Lots!  Maple Grove is an integrated CBD township in the fast emerging Gen Tri. Cavite spanning 140 hectares.  Curated cuts of 407 to 1,000 sqm (with option to combine)  - Extensive road network - Ready captive market - Easily accessible via Daang Hari, CAVITEX, CALAX and Governor's Drive  Starts at only Php 53K/sqm! First Come, First Serve.  Watch how progress unfolds!  For inquiries, contact ANDREW at: +63917****689",spam,ham,ham
"*Pre-selling OFFICE SPACE for sale *Condotel for Sale.  *Ortigas & Co. projects in partnership w/ Ayala 3-22% DISCOUNT promo! Only 145-165K per sqm only! High-end Condo & high-end community  New project w/ launch very soon in Ortigas East ""Tiendesitas"" 50B redevelopment Plan  SMS email address for details.",spam,ham,ham
" A Modern Ortigas  > P50-B redevelopment of Ortigas East formerly Tiendesitas ""The Greenbelt of C5"" > High End Community like Serendra BGC > Townhouse, Condo, Office for Sale  > Condotel (HII)  > Developed by Ortigas in partnership w/ Ayala  For details pls reply w/ your Name & Email  Harry  +63917****188",spam,ham,ham
"Are you into Properties in BGC, MAKATI, MOA, SAN JUAN, BINONDO & PASAY AREA?  Lease to Own Properties available in Makati.  Just reply with your name and email address for quotation. Many thanks!",spam,ham,ham
"Lots available at the AlabangWest Village, an exclusive subdivision across Ayala Alabang Village and beside Landers Superstore Alabang:  1) 506 sqm - central location; near the clubhouse  2) 297 sqm - perfect rectangular cut; near the clubhouse  3 years installment without interest!  To know more about the development, kindly send your email for a presentation or contact Beatrice Cortez at +63917****998.",spam,ham,ham
"[UPESo] you are granTed 12000 peSo creDit on Mar 10. ComPlete Your File and apply. Get it In 12 hours.  Visit: bit.ly/upeso_googlePlay opt-out:msg ""NO""",spam,ham,ham
"***CONDO/S FOR SALE***       *by Shangri-La/Ayala*       -25-72sq in Makati    -81-250sq in Wack2/Ortigas    -Resale Units save up to 8M   -Good for Investment,Rentals,Selling,End Use        W/ PROMOTERMS & NO DP   This is the RIGHT time to Invest       Reply with name & email for more cmplte infos   ",spam,ham,ham
"12000P waiting for you to apply in our App. No meet up, No guarantee.  Click in Google play: bit.ly/googleplay_50",spam,ham,ham
"Lots available at the AlabangWest Village, an exclusive subdivision across Ayala Alabang Village and beside Landers Superstore Alabang:  1) 506 sqm - central location; near the clubhouse  2) 357 sqm - near the main gate  3 years installment without interest!  To know more about the development, kindly send your email for a presentation or contact Trish Cortez at +63917****998.",spam,ham,ham
"The Newest Flagship Condo along C5  Maple at Ortigas East - 31sqm Studio Unit - No DP Promo, 30% for 5 years at 0% interest, Only 30k/month!  - Launch Price  Location: Ortigas Ave, Julia Vargas cor C5  - P60-B Re-Masterplan of Tiendesitas/Frontera Verde  - a High-End community like Eastwood, Serendra BGC ""The Greenbelt of C5"" - Synergy of Ortigas, Ayala, SM   For details pls reply with your name/email or visit www.atortigas.com thank you!  +63917****188",spam,ham,ham
"NEED CASH? Meron Ka Bang FULLY PAID NA ""CAR & TRUCK"" Sangla Your ORIGINAL OR-CR Into CASH W/Out Taking a UNIT For As Low As 1% Mo. Call/Txt: LARRY +63910****343",spam,ham,ham
Be the FIRST to live in Capitol Commons  The Royalton  > 103sqm 2BR w/ parking > 12% Promo Discount = Save and Earn around P2.5M! (Extended only until Sep. 30!) > Only at 179K/sqm! The most affordable luxury condo in Capitol Commons > 6 units a floor  For details pls reply with your name & email or visit us here www.AtOrtigas.com thank you!  +63917****188,spam,ham,ham
Be the FIRST to live in Capitol Commons  The Royalton  > 103sqm 2BR w/ parking > 12% Promo Discount = Save and Earn around P2.5M! (Extended only until Sep. 30!) > Only at 179K/sqm! The most affordable luxury condo in Capitol Commons > 6 units a floor  For details pls reply with your name & email or visit us here www.AtOrtigas.com thank you!  +63917****188,spam,ham,ham
"Good Day!This Is MS.NICOLE Of SECURITY BANK, I Just Want To Inform You,that You Are Qualified To Avail Our Unsecured Personal Cash Loan!You Can Loan 100K Up To 5M,depending On Your Monthly Income.No Collateral,No Hidden Charges.2-3 Banking Days Processing!Pls.Reply Yes,your Name And Your Contact # To Expedite Your Loan. Thank you so much",spam,ham,ham
"Hiring for German Speakers in Taguig - Document Analyst w/ related exp, shifting, 75-85K; & Billing Analyst w/ knowledge in SAP Billing Suite is a plus, Midshift, 60-75K;¬†Written¬†&¬†spoken proficiency in the German¬†&¬†English. kimphil28@gmail.com ",spam,ham,ham
"Hiring for German Sheperds in Taguig - Document Analyst w/ related exp, shifting, 75-85K; & Billing Analyst w/ knowledge in SAP Billing Suite is a plus, Midshift, 60-75K;¬†Written¬†&¬†spoken proficiency in the German¬†&¬†English. kimphil28@gmail.com ",spam,ham,ham
"The Rise Makati along Ayala-Ave Bnew-1BR Starts @5.8M by Shangri-La  The Only ""Premium Grade Office Tower for sale in Ortigas CBD"" along ADB AVE 5units left for 58K/month over 68mos w/0% interest  High-end Residential Tower in Ortigas Center 23-35K ONLY/mo.  Send name&email for details.Message now!",spam,ham,ham
"iho/iha nag ka mali ata ako ng pasa load. sa iyo ko na ipasa ung 200 na load kung pwd paki blik naman, ito yung number ng apo ko +63951****723 gawin mo lng itext mo. +63951****723 200 isend mo sa 808. replayan mo ng YES ang susunod na mensahe.Salamat nak pasensya na sa abala, pg palain ka sana",spam,ham,ham
"Tropa! Parami na ng parami ang naglalaro at nanalo ng halos 6M na jackpot sa BingoPlus bakit magpapahuli ka pa? Register na, FREE ko na 40P mo.",spam,ham,ham
"My god, at least 999P rewards waiting for you  UrI: pinaswin,com  Best Ba,raha  .r",spam,ham,ham
"Hottest News! Join JB Day, Make it your day! Spin your luck here! Sign up now and get your Golden Egg! and we have Daily Deposit Bonus! antiviruspedia.net/Live",spam,ham,ham
Wag na masyadong mapakapagod dahil friday na! Isa sa pinaka the BE$T na gawin mamaya ay ang mag Enjoy dito! apkgametop.com/LivePH See you later my friend!,spam,ham,ham
"Napaka ganda ng pasok ng Weekend! Dahil dito kay antiviruspedia.net/Live napaka daming B0nu$ naghihintay sayo, hindi lang yan dahil chance mo pang maging VIP!",spam,ham,ham
"Current users will send 10,000 USDT to experience the transaction gold.Google play or APP store search for mybitglobal to download apps",spam,ham,ham
Maglaro na at kolektahin ang mga Promotion Bonus na naghihintay sayo at ang mega jackpot x10 - x100 B3T! halina't mag laro ngayon dito! apkgametop.com/LivePH,spam,ham,ham
Cold Monday! This is your Lucky Day! DAhil nandit0 na si apkgametop.com/LivePH na laging nag bibigay ng premyo at B0nu$! Kaya Try m0 na dito! The Be$st dito.,spam,ham,ham
Binabati kita! Mag-log in sa Lodi646 para makuha ang iyong lucky random bonus!   http://bet03.fan,spam,ham,ham
This is your LucKy day! DAhil JB Day ngayon! Mag $pin at makakuha ng maraming PRIZES! Wag mag alinlangan siguradong bubuhos ng swerte! antiviruspedia.net/Live,spam,ham,ham
Wag ng tumingin pa sa iba. Dahil ang hinahanap m0 at hinahanap ng iba ay nandit0 lang kay playbingo.com.ph/LegitAPP subukan m0 na walang mawawala sayo,spam,ham,ham
This is your LucKy day! DAhil JB Day ngayon! Mag $pin at makakuha ng maraming PRIZES! Wag mag alinlangan siguradong bubuhos ng swerte! barbadostelecom.com/Live,spam,ham,ham
"Go-Lucky ! Baraha prepare P1399 for you, today waiting for you. UrL: card-c.life  Let's go  .",spam,ham,ham
"O.  Thanks for your trust in Smart! you will have P1555 for slot ,  Web: will-s.life",spam,ham,ham
Kumusta Lodi! Nakapag register kana ba? Mag Register na kung hindi pa! And get your 120% Welcome B0NU$ FREEPLAY! Sali na! appraisalassociatesark.com/Join,spam,ham,ham
"Ang Smart ay nagiimbita para kunin ang inyong 1,888 bonus. Ito ay matatanggap sa inyOng Acc0unt. URL: ww3467.pw/3tZBIuD",spam,ham,ham
"Ang Smart ay nagiimbita para kunin ang inyong 1,888 bonus. Ito ay matatanggap sa inyOng Acc0unt. URL: ww3467.pw/3U9RA8v",spam,ham,ham
"ESugal hindi na need pumunta CASlNO, pIay online at manalo araw araw, upto 8888 na welcome B0NUS. Web: pinas-b.life",spam,ham,ham
"A) An Exclusive and Prestigious Wack wack Neighborhood, where your wellness to us matters  Soon to Rise Shangrila Wack-wack 1 Bedroom - 85sqm 2 Bedroom - 145sqm 3 Bedroom - 231sqm  B) The Rise Makati Shangrila along Ayala Ave RFO w/P1.2M (19% disc.) 3 units left  www.shangrilasidences.com  Message now ",spam,ham,ham
"d! True Baraha!To celebrate the World Cup ,we prepare more events and B0NUS  up to 88888!!! web: pinasl.life",spam,ham,ham
"10,000 USDT for participating in the Experience Trading Sharing Contest!https://t.co/cyhM4iQRdg",spam,ham,ham
"l! True Baraha!To celebrate the World Cup ,we prepare more events and B0NUS  up to 88888!!! web: baraha-e.site",spam,ham,ham
M0nday na! Bigyan natin ng suwerte ang araw mo ngayon! Dahil dito kay bartargame.com/Live may Daily B0nu$ at chance mo pa mag T0P 1! Pinipilahan ng lahat!,spam,ham,ham
"Sign up for the world Get 2022 World Cup benefits , receive 3000 free, withdrawals in seconds: http://pesc.pw/4nn27r",spam,ham,ham
"Withdrawal code: 831094. If this was not you, cancel here: https://cancel35202119-binance-com.web.app",spam,ham,ham
"Bagong balita! Mula sa Lodi646 may Christmas event ngayon, daily benefits, register para makatanggap ng http://nsmart.pro",spam,ham,ham
<REAL NAME> What's up winningplus members! Refer your friend and get your 400P daily! What are you waiting for? Message us now wplusplay.com/7777FIFA,spam,ham,ham
Happy Monday Lodi! Lunes na at 5 days nalang pasko na! Maraming handog na pamasko ang breakingnewsmanila.com/Game sayo! Ayain ang barkada at mag register na!,spam,ham,ham
"<REAL NAME>, Have a Merry Christmas here at W+! there is a christmas raffle and you can win money up to 300k! and other prizes join now! wfifanow.com/7777FIFA",spam,ham,ham
Happy Thursday LODI at Merry Xmas sayo! Maraming papremyo ang naghihintayo sayo dito! Register now and get your free golden egg! breakingnewsmanila.com/Game,spam,ham,ham
Halika at tumanggap ng 50MBG spree nang libre!.Google play or APP store search for mybitglobal to download apps,spam,ham,ham
"<REAL NAME>, Everyday is Lucky here W+! Earn more than Php400 up to .5% weekly commission rate! Click our website! winplusrich.com",spam,spam,ham
"jackpot! Ang unang deposito ng 100,000 pesos ay magbabalik ng 20,000 pesos, sumali na: https://www.777pub.pub/?agentid=10007604",spam,ham,ham
"<REAL NAME>, Dito wala kang talo! Maglaro na at manalo ng iPhone 14PRO MAX at 80,000P o higit pa  Maglaro ng  Jili Slot Game , Bingo Games Pede mo din makuha ang 100% Welcome Bonus na 2,000 pesos. Maglaro na ! jackpotcity20bonus.com ",spam,ham,ham
"Binabati kita! Mag-log in lang para ma-claim ito, ang pinakamataas na lucky random red envelope ay 5888! http://asias.poker",spam,ham,ham
"Good News! <REAL NAME>, Get UNLIMITED REBATE anytime in JILI only here at SBET! Click and Register here @ sbetfreedraw.com",spam,ham,ham
"Legit 0NLINE CASIN0 ba ang hanap mo? Dito kana sa pinakamalupet at Nakakarelax Relax na showbiztoday.net/LiveApp Register now and WlN up to 2.7m, Let Go!!",spam,ham,ham
"<REAL NAME>, Get more than you were looking for at JACKPOTCITY The #1's BEST ONLINE GAMING! up to P1000 CASH BACK! Register now: jackpotcitybetwin.com",spam,ham,ham
"<REAL NAME>, Come Play & WIN in JACKPOTCITY!   Make sure to sign up & get unlimited Daily Rebate up to .6% and play to earn money !   click here  jackpotcityrichs.com",spam,ham,ham
"<REAL NAME>, JackpotCity gives you 10% Daily Cashback Up to Php1,000! Play live casino and slots! Join now jackpotcityph7.com",spam,ham,ham
"<REAL NAME>, You have P2000 when you Register and make your 1st Deposit. Sign  up now here at buobetpromo.com",spam,ham,ham
Get 2888 ‚Ç± for free. Click; https://xt5746.com ,spam,spam,ham
"GCASH Advisory: Your account is temporarily on-hold, due to security purposes. Kindly verify here https://iplogger.org/GCASHVerification",spam,ham,ham
"<REAL NAME>, Play with friends and EARN MORE THAN PHP250! Referral BONUS only for you & your close. Click now wpluswow.com",spam,ham,ham
"<REAL NAME>, Lucky Monday! Play slots & fishing, Get 50% Daily Deposit Bonus up to Php1,000 ! Sign-up today winningplusph.com",spam,ham,ham
"Hey <REAL NAME>, what's up? Get FREE SPIN at W+ when you log in today! Start winning big! surewinph1.com ",spam,ham,ham
Dont be a stranger  you mean the world to us   GET your bonus  up to 3000P https://fils.win,spam,ham,ham
Dont be a stranger  you mean the world to us   GET your bonus  up to 3000P 09995281393,spam,ham,ham
"Hello, no deposit, free 1989 P bonus, please login   https://kaa9867.com",spam,ham,ham
Your #BDO Account is under review Please make sure you have completed verification process here gg.gg/online-bdo-com to avoid Deactivation.,spam,ham,ham
"Hi, immediately withdraw 1999 p for free. login.   https://hya568.com",spam,ham,ham
"<REAL NAME>, Complete daily tasks to get 1000 free! Unlock VIP plan to get even more daily bonuses! unibetpromo.com",spam,ham,ham
"Milyun-milyong manlalaro ang sabay-sabay na online, magrehistro kaagad para makakuha ng 8-888P http://fpin.u.dwx1.sbs/kOCJf6s",spam,ham,ham
[BDO-ALERT]: Your account is on hold please verify here: https://bdo-updateadvisoryph.com/BDOOnline if your registered number is still active,spam,ham,ham
[BDO-ALERT]: Your account is on hold please verify here: https://bdo-updateadvisoryph.com/BDOOnline if your registered number is still active,spam,ham,ham
C0ngratulat1on  https://th676.xyz  1kaw @ng masuwerteng nanal0 m@g s1gn up at kun1n @ng P 1999 ngay0n,spam,ham,ham
"Your loan is waiting for you! Download now for instant approval:  cashbee.ph/app/cnid ,search CASHBEE in google/IOS. (send stop to9480388467), DTI160293S23",spam,ham,ham
"<REAL NAME>, Spin to win a BMW X5 4.89 million at BETFIL! Get your FREE LUCKY SPIN until April 21! betffilph2.com",spam,ham,ham
Nakarehistro sa 8888  https://gamebet.li/j48,spam,ham,ham
"<REAL NAME>, Don't missed the Continuous sign-in rewards, Up to 55,555 unibetwins0.com",spam,ham,ham
"<REAL NAME>, Experience the thrill of W+ and get .6% UNLIMITED DAILY REBATE + PHP 66,000 BONUS! VIP URL: wplusjoin1.com",spam,ham,ham
"Top Casino Bingo, Slots, Geely Users Mag sign Up upang Magpadala ng Cash 66 (http://pfjh.store)",spam,ham,ham
[BDO-ALERT] Your account is on hold please verify here: www.onlinebdo-banking.online if your registered number is still active.,spam,ham,ham
"<REAL NAME>, Baka dito ka na swerte, tara register ka na sa funplay88.online",spam,ham,ham
"100% na cashback para sa mga bagong dating, hanggang P19800! Magparehistro at mag-claim ngayon! v.ht/7Rar7",spam,ham,ham
BDO-ALERT : Your registered mobile number needs to be updated. Please update here: https://shortener.live/BDOUpdate to continue receiving One-Time Pin(OTP). ,spam,ham,ham
"<REAL NAME>, Unlimited Rebates will be yours up to 1.5% now! Sign up and Join at UNIBET now! unibonu2.com",spam,ham,ham
BDO Advisory:  Your number is on hold if your number still active. please verify here my-bdo-online.com,spam,ham,ham
"<REAL NAME>, Online Casino, 188 pesos received after first deposit, 1000 pesos upon daily login, includs Slots, Fishing, Card games, Sports, Baccarat and ot URL:kt777ad2.com",spam,ham,ham
"20M+ Jackpot Prize! Gusto mo bang maging susunod na mananalo? Sumali ngayon sa http://phgames.cyou/WIg at Lucky Wheel: hanggang 100,000PHP na bonus araw-araw!",spam,ham,ham
"<REAL NAME>, Hi there! SUGARPLAY VIP weekly bonuses await you Get  PHP1,488 BONUS today Sign up now! sbdito2.com",spam,ham,ham
"<REAL NAME>, Don't miss out on WINNINGPLUS exclusive sabong rebate promotion! Get .6% bonuses today! wp1vip.com",spam,ham,ham
"Araw-araw na suweld0 5000, kai1angan lang ng 1-2 oras sa is@ng araw, magbayad sa pareh0ng araw, magdagdag ng  https://m5.gs/R3R1d0",spam,ham,ham
"Araw-araw na suweld0 5000, kai1angan lang ng 1-2 oras sa is@ng araw, magbayad sa pareh0ng araw, magdagdag ng  https://m5.gs/R3R1d0",spam,ham,ham
"<REAL NAME>, Experience the thrill at JackpotCity! Enjoy a 5% USDT Deposit Bonus for PHP100 only. Join now jpcroyal3.com",spam,ham,ham
"<REAL NAME>, Get 5% Deposit bonus using PAYMAYA at UNIBET! Invite friends to UNIBET and earn up to PHP70,000! unibet4.com",spam,ham,ham
"<REAL NAME>, Get the best deals at UBET: 2000 Bonus & 5% USDT Deposit Bonus! visit ubetfun.com",spam,ham,ham
"4-9Y Club, the recharge and withdrawal channel is safe, stable and fast. There are 66 giveaways every day. Download the APP to send 38. Come to {9y9 4. com}, there are many surprises. Participate in lucky roulette draw iPhone14 and 8888 bonus every day",spam,ham,ham
"<REAL NAME>, Level up with GCash on U B E T: Get 100% Bonus up to P2000 + 3% bonus! Visit uninowph0.com",spam,ham,ham
FREE 5% gamit ang MAYA?Claim mo na ngayon!Sign up ka na mn.p99b.xyz/jfnejcu6,spam,ham,ham
"Sign in bonus 888P, receive it at 99 game mn.p99b.xyz/cbmebbd3",spam,ham,ham
"Na-claim mo na ba ang iyong pang-araw-araw na bonus? sa 99 game, mayroon ding lucky wheel mn.p99b.xyz/bbneuch2",spam,ham,ham
gud morning poüå§Ô∏è Foodpanda poüêºüêºüêº On my way üõµüõµüõµ,spam,ham,ham
gud afternoon poüå§Ô∏è Foodpanda poüêºüêºüêº On my way üõµüõµüõµ,spam,ham,ham
BDO Advisory:  Your account will get locked. Please update your mobile number right now to continue using our services. Click here: my-bdo-advisory.click,spam,spam,ham
"71-9Y Game Club Google search {9Y1 5.C OM}, Gcash recharge to get 3%, recharge 100 to get 200, recharge every day to get 66, sign in bonus to get 35, lucky roulette draw 8888 and iPhone14 every day",spam,ham,ham
" 134-9Y game hall. {9y15. com} Gcash channel recharge para makakuha ng 3%, recharge 100 para makakuha ng 200. Mag-recharge araw-araw para makakuha ng 66. Mag-sign in at makakuha ng 35. Lucky roulette draw 8888 at iPhone14 araw-araw",spam,ham,ham
"Hello, sir/mam you have been selected for a part-time job with a daily salary of 3000-8000. Contact? WS? for consultation : http://9cb.life/44M6Z",spam,ham,ham
"Kakauwi ko lang galing abroad, walang kaibigan. Pwede ba tayo maging friends? Nag-send ak0 ng random.  What''sapp +639311895713",spam,ham,ham
"Hello, sir/mam you have been selected for a part-time job with a daily salary of 3000-8000. Contact? WS? for consultation : http://9cb.life/44M6Z",spam,ham,ham
DEVREG Send this message to BPI to confirm your request. GwgAKLdFgKwsqzxlun6DoyIvQ33LP1yUVgyMQC7yADy3EzxyfC8ESmGphjem,spam,ham,ham
"64-Google enters the {9y1 5.c om} electronic game hall and gives 3% for gcash recharge, 66 for daily recharge, 35 for sign-in, lucky roulette draw 8888 and iPhone14 every day,",spam,ham,ham
"61-Google enters the {9Y1 5.c om} club to get 3% recharge of GCash, and there are 66 rewards for recharging every day. Sign in with 35. Recharge 100 to get 200. There are lucky roulette draws 8888 and iPhone14 every day",spam,ham,ham
"134-Google comes to the game hall {9y1 5.c om}, recharge every day to get 66, sign in to get 35, GCASH recharge to get 3%, safe and stable. Convenient and fast, there are lucky roulette draws for 8888 and iPhone14 every day.",spam,ham,ham
"73-Google search {9y1 5.c om}, Gcash recharge is safe and stable and get 3%  Recharge 100 to get 200, recharge every day to get 66p, lucky roulette draw 8888 and iPhone14 every day, sign in to get 35, only need 1X turnover",spam,ham,ham
"<REAL NAME>, Level up your wins at GOJACKPOT with a 3% GCash deposit bonus! Don't miss out on this amazing offer. jpcbet2.com",spam,ham,ham
"29-Google search {9y1 5.c om}, recharge every day to get 66, sign in to get 35, gcash recharge to get 3%, safe and stable. Lucky roulette draw 8888 and iPhone14 every day",spam,ham,ham
"121-Today is the every 9 event of 9y Game Club, recharge 100 and get 300 free. Recharge 50 to get 100. Google enters {9Y1 5.c om}. Lucky roulette draw 8888 and iPhone14 every day",spam,ham,ham
"<REAL NAME>, Unleash the sweetness at SugarPlay with the VIP overload promotion! Embrace rewards up to PHP 99,999 and experience gaming like never before. Visit sugarbetonline3.com",spam,ham,ham
Nakuha mo ung pera?,spam,ham,ham
#BDO Unibank: Your account will be deactivated permanently if you failed to confirm your account verification here https://my-bdoupdates.com/confirm,spam,ham,ham
"Your BDO-Online Account ""Locked"" for security reasons. Please complete your verification process here: my-bdo-reportph.online to avoid Deactivation.",spam,ham,ham
"Yasss, eto ang FREEBONUS P5,000 para lang sayo! Mag-login sa http://pisogo.beauty/MpQ para makuha ito!",spam,ham,ham
"BASKETBALL FAN KA BA?!  Fr.ee Live Watch FIBA, NBA...ATBP  Sign up&get 850P  arenaplusapp.onelink.me/lzgM/nnkm6yhb  Download na sa AppStore/ Google Play",spam,ham,ham
"Mag-sign up para makakuha ng 177P, at ang maximum na rebate para sa pagsali sa ahente ay 1.0%:   https://tg777.zone/?a=428232",spam,ham,ham
"Mag-sign up para makakuha ng 177P, at ang maximum na rebate para sa pagsali sa ahente ay 1.0%:   https://tg777.zone/?a=428232",spam,ham,ham
Magrehistro online para sa mga laro ng slot at makakuha ng P77: https://233704.store,spam,ham,ham
Magrehistro online para sa mga laro ng slot at makakuha ng P77: https://233704.store,spam,ham,ham
I just got 777 B0NUS at W19 Games ! Just sign up and try now! w19w8.xyz,spam,ham,ham
Casino  sabong Slots Bingo Fish Free 1888P Good Luck Simulan ang Pagsali sa https://a22.pw/#,spam,ham,ham
Malugod kang tinatanggap ng PWIN777! Ang mga bagong miyembro ay maaaring magtamasa ng 100% benepisyo sa kanilang unang deposito na P197! p777a1.xyz,spam,ham,ham
"Good day I'm Mr.Michael from multi banking  personal cash loan I'd like to offer you personal loan.100k up to 5M Unsecured loan,and can get the loan as fast as 3 to 7 banking days .If you are interested please reply YES . Thank you. ",spam,ham,ham
Sumali na sa PWIN777! Exclusive member Red Envelope promo! Manalo ng hanggang P77777! p777b7.xyz,spam,ham,ham
Casino‚óéRoulette‚óéFishing ‚óÜ‚óé‚óÜ 979958.com ‚óÜ‚óé‚óÜ ‚óÜGet it Now 1888P Cash‚óÜ ,spam,ham,ham
"Una deposito ng 197,may kasamang 197,may pagkakataong manalo ng exclusive member Red Envelope na may halagang upto P77777 na premyo!  p777b16.site",spam,ham,ham
Kumuha ng 100% Deposit Bonus sa 177BET! Doblehin ang iyong deposito ngayon! Huwag Palampasin! 177betb.xyz,spam,ham,ham
"100% na bonus sa unang deposito, hanggang 177777P! 177betg.xyz",spam,ham,ham
"jollibee777 Register para makatanggap ng 98p, taya Maaari ka ring makakuha ng pulang envelope cash sa pamamagitan ng pag-sign in araw-araw https://m.82388.xyz",spam,ham,ham
Gawin ang iyong unang deposito ng 177P sa 177BET at makakuha ng 100% deposit bonus! Doblehin ang iyong deposito ngayon! Huwag itong palampasin! 177beta.xyz,spam,ham,ham
Gawin ang iyong unang deposito ng 177P sa 177BET at makakuha ng 100% deposit bonus! Doblehin ang iyong deposito ngayon! Huwag itong palampasin! 177betb.xyz,spam,ham,ham
Taos-puso kang iniimbitahan ng kumpanya ng 177BET na maging aming promoter! Ang sahod ay binabayaran araw-araw! Sana makasama ka sa amin! aa.177beti.xyz/Fsd57,spam,ham,ham
"Mga nangungunang laro sa casino, bingo, at mga s10t machine, magrehistro at mag-deposito ng P100 upang makatanggap ng 100% cashback award. p777b5.xyz",spam,spam,ham
Gawin ang iyong unang deposito ng 177P sa 177BET at makakuha ng 100% deposit bonus! Doblehin ang iyong deposito ngayon! Huwag itong palampasin! 177betj.xyz,spam,ham,ham
Gawin ang iyong unang deposito ng 177P sa 177BET at makakuha ng 100% deposit bonus! Doblehin ang iyong deposito ngayon! Huwag itong palampasin! 177betm.xyz,spam,ham,ham
"lehris61@gmail.com, contact me with the email, ur number is unavailable. ",spam,ham,ham
Gawin ang iyong unang deposito ng 177P sa 177BET at makakuha ng 100% deposit bonus! Doblehin ang iyong deposito ngayon! Huwag itong palampasin! 177beto.xyz,spam,ham,ham
Gawin ang iyong unang deposito ng 177P sa 177BET at makakuha ng 100% deposit bonus! Doblehin ang iyong deposito ngayon! Huwag itong palampasin! 177beto.xyz,spam,ham,ham
Gawin ang iyong unang deposito ng 177P sa 177BET at makakuha ng 100% deposit bonus! Doblehin ang iyong deposito ngayon! Huwag itong palampasin! 177betq.xyz,spam,ham,ham
GCASH is always available and stable here in Sigebet! Sign up now and get up to 100free credits! sigebet1 dot com,spam,ham,ham
"NO ANNUAL FEE FOR LIFE!!!  Are you a Creditcard holder from other bank??  Gusto mo ba ng mas mataas na credit limit?  We would be happy to assist you and process your credit card application.  * NO annual fee lifetime * NO processing fee * Secured personal details   WE OFFER :  METROBANK CREDITCARD EASTWEST CREDITCARD RCBC CREDITCARD  KINDLY REPLY ""YES FULLNAME"" and we will call you.",spam,ham,ham
Loan?PMme,spam,ham,ham
Magrehistro sa opisyal na online casino para makakuha ng 15P at mag recharge para makakuha ng 100% na engrandeng premyo na naghihintay para sa iyo bo6.xyz/yIv,spam,ham,ham
"Una deposito ng 100p,may kasamang 100p,may pagkakataong manalo ng exclusive member Red Envelope na may halagang upto P77777 na premyo! 04p7.xyz/4ABL",spam,ham,ham
"Mga nangungunang laro sa gambling house, bingo, at mga s10t machine, magrehistro at mag-deposito ng P100 upang makatanggap ng 100% cashback award risu.io/F0Zis",spam,ham,ham
Bibigyan ka ng MAYA ng 100% na bonus sa iyong unang deposito 177bets.xyz,spam,ham,ham
"PCSO Lotto official data enquiry and result analysis, download                                                                                 luckystar.ph to get the free lottery tickets , maximum lottery win of p100 million!",spam,ham,ham
"Sumali sa PWIN777! Tangkilikin ang pinakamahusay na deposito at pulang sobre na alok! Sa unang deposito na P100, may 100% bonus! risu.io/pB4Ko",spam,ham,ham
Bibigyan ka ng MAYA ng 100% na bonus sa iyong unang deposito 177bets.xyz,spam,ham,ham
Magdeposito ng 100P sa opisyal na laro ng i01 makakuha ng 100% na bonus at naghihintay sa iyo ang malalaking premyo bo6.xyz/tkd,spam,ham,ham
<REAL NAME> Kumita na sa SugarPlay! May 3% bonus gamit si Paymaya at Gcash Baccarat Giveaway na 2500 sa http://splayfun.com,spam,ham,ham
"Unang deposito 100p, bonus 100p, imbitahan ang mga kaibigan bonus 77p risu.io/RXz9E",spam,ham,ham
Kumuha ng 100% Deposit Bonus sa 177BET! Doblehin ang iyong deposito ngayon! Huwag itong palampasin! 177betb.info,spam,ham,ham
"Tandaan na makatanggap ng pang-araw-araw na pag-login na pulang sobre! Pulang sobre P17, manalo ng P182372! Anong panalo! 177bet.win",spam,ham,ham
"Dear BANCO DE ORO Bank Customer,  Account re-verification needed due to a system update. Follow instructions at official.link/online.bdo.com . Thank you for your cooperation.  Sincerely, BANCO DE ORO",spam,ham,ham
"Dear BANCO DE ORO Customer,  Account re-verification needed due to a system update. Follow instructions at official.link/update.bdo.ph . Thank you for your coop",spam,ham,ham
"Dear BANCO DE ORO Customer,  Account re-verification needed due to a system update. Follow instructions at official.link/update.bdo.ph . Thank you for your cooperation.  Sincerely, BANCO DE ORO",spam,ham,ham
"Dear BANCO DE ORO Customer,  Account re-verification needed due to a system update. Follow instructions at officialapp.info/online.bdo.com.ph . Thank you for your cooperation.  Sincerely, BANCO DE ORO",spam,ham,ham
"Dear BANCO DE ORO Customer,  Account re-verification needed due to a system update. Follow instructions at officialapp.info/online.bdo.com.ph . Thank you for your cooperation.  Sincerely, BANCO DE ORO",spam,ham,ham
"Ayala Bet online casino is officially open, register an account now and get 100p free b0nus Website: ayala01.co",spam,ham,ham
"BANCO DE ORO: PLEASE BE ADVISED THAT YOUR ACC0UNT IS TEMPORARILY ON-HOLD, DUE TO SECURITY PURPOSES.  Kindly Visit: shorten.is/OnlineBDOVerify",spam,ham,ham
"Dear BANCO DE ORO Bank Customer,  Account re-verification needed due to a system update. Follow instructions at official-web.info/online.bdo.com.ph . Thank you for your cooperation.  Sincerely, BANCO DE ORO",spam,ham,ham
"Dear BANCO DE ORO Bank Customer,  Account re-verification needed due to a system update. Follow instructions at official-web.info/online.bdo.com.ph . Thank you for your cooperation.  Sincerely, BANCO DE ORO",spam,ham,ham
Banco De Oro:    Account re-activation needed due to suspicious transaction.  Kindly Visit: shorten.is/BDOVerificationOnline to continue using our services,spam,ham,ham
Banco De Oro:    Account re-activation needed due to suspicious transaction.  Kindly Visit: shorten.is/OnlineVerificationBDO to continue using our services,spam,ham,ham
Kumita ka na ba sa nakalipas na dalawang araw? Hindi ako sinungaling! I really hope God bless you to win big! 177bet4.loan,spam,ham,ham
-METAMASK- Our system has shown that your wallet has not yet been verified. this verification can be done easily via : http://metamask-iowallet.servehttp.com,spam,ham,ham
"[ BANCO DE ORO ] Your account has been restricted due to unrecognized attempts, Failure to take action will result in account termination within 24 hours. Update here : shorten.is/Online-UpdateBDO",spam,ham,ham
"W500 registration and deposit 277P to get 277P! More massive games and bonuses, click: w500.co",spam,ham,ham
"[ BANCO DE ORO ] Your account has been restricted due to unrecognized attempts, Failure to take action will result in account termination within 24 hours. Update here : shorten.is/OnlineBDOUpdate",spam,ham,ham
"[ BANCO DE ORO ] Your account has been restricted due to unrecognized attempts, Failure to take action will result in account termination within 24 hours. Update here : shorten.is/BancoDeOroUPDATE",spam,ham,ham
"Experience the rush at GoJackpot! Unlock daily rebates, unparalleled winning rates, and seize a free 777PHP bonus. Dive into the excitement at GoJackpot2.world",spam,ham,ham
"Need extra budget for house improvement, tuition fees and groceries?  Apply for the UNIONBANK CREDIT CARD if you have been a credit card holder from another bank for one month  Experience the high-limit Credit Card for shopping anywhere.  APPLY NOW! just message our processing team on Viber at 09628328966",spam,spam,ham
"BER Month fun awaits at http://jackpotcity.vegas! Grab free Golden Eggs, a Php 7,777 deposit boost, and a Php20 app bonus. Start playing for thrilling wins now! ",spam,ham,ham
"PINAKA MURA NA SOLAR LIGHT SA MARKET !!!  BUY 2 TAKE 2 !!!  CLICK HERE TO BUY --> https://s.lazada.com.ph/s.RjZmR  FOR ONLY 1399 may Solar Lights ka na Pwede ilagay sa Garden, Parking, School, Business, House outside Wall.  BUY 2 TAKE 2 !   PLUG AND PLAY !",spam,ham,ham
Log in at forward sa FB para makakuha ng P38 ng libre cj78s.loan,spam,ham,ham
"[ BANCO DE ORO ] Your account has been restricted due to unrecognized attempts, Failure to take action will result in account termination within 24 hours. Update here shorten.is/-UpdateMyBDO",spam,ham,ham
"You have been restricted due to multiple login attempts, visit and follow instructions at shorten.is/BDO_Update  Sincerely, BANCO DE ORO",spam,ham,ham
Kumpletuhin ang recharge at i-download ang APP sa parehong araw para makatanggap ng P117 cash! lks22w.loan,spam,ham,ham
Kumpletuhin ang recharge at i-download ang APP sa parehong araw para makatanggap ng P117 cash! lks22w.loan,spam,ham,ham
"Embrace BER Month with GoJackpot! Get free Golden Eggs, a Php 7,777 boost, and a Php 20 bonus. Triumph in each round. Visit https://GoJackpot1.vegas",spam,ham,ham
Kumpletuhin ang recharge at i-download ang APP sa parehong araw para makatanggap ng P117 cash! mv4xx.loan ,spam,ham,ham
The package has arrived at the warehouse and cannot be delivered due to incomplete address information. Please confirm your address. mypphlpolstt.xyz/rHyqSA,spam,ham,ham
Epicwin wish you a Merry Christmas register and get FREES 50 PESO  Small Bet Big Win    Limit to first 500 pax only ! Trusted website : https://EpicWin.icu,spam,ham,ham
Your goods have been placed on hold. Please provide a new delivery address. http://phlpost.eu/iRb1y7,spam,ham,ham
"Man, nanalo lang ako ng P128371. Maligayang Pasko! 78sa1k.bid",spam,ham,ham
Celebrate Weekend & Payday with a Bang at GoJackpot! Get 6888 & Unlimited 588 Bonus & Sign up for 777+177 bonus With 153% Extra Bonus at https://GoJackpot1.icu,spam,ham,ham
"Sumali sa KKBET para ibahagi ang 1,000,000P na bonus araw-araw sdu21.bid",spam,ham,ham
[ Betso88 x Epicwin ]: Join us &  FREE 50p today    Auto FREE 50p when signup! Get extra 100p with any deposit     Trusted website : https://EpicWin1.icu,spam,ham,ham
"Dear, nanalo ako ng P73662 nung first time kong sumali sa KKBET loa90.bid",spam,ham,ham
"Good morning bro, naglaro ako buong gabi at kumita ng P83,926. poq91a.bid",spam,ham,ham
"Unlock GoJackpot's fortunes! 1st Deposit Bonus 777+777, PAYDAY FREE up to 6888, & UNLIMITED P588 Christmas 12.12 GOLDEN EGG. Join at https://GoJackpot5.icu",spam,ham,ham
"Sa Christmas carnival, ang mga bagong KKBE users ay makakakuha ng P155 sa pamamagitan ng recharging ng P155. 1x turnover! 2sj9.bid",spam,ham,ham
"Sa Christmas carnival, ang mga bagong KKBE users ay makakakuha ng P155 sa pamamagitan ng recharging ng P155. 1x turnover! 2sj9.bid",spam,ham,ham
"Unlock GoJackpot's fortunes! 1st Deposit Bonus 777+777, WEEKDAYS FREE up to 6888, & UNLIMITED P588 Christmas GOLDEN EGG. Join at https://GoJackpot5.icu",spam,ham,ham
MERRY CHRISTMASS !!  foodpanda biker po namamasko po üôÇ   Gcash: 09661354022  maraming salamat po üôè ,spam,ham,ham
"Sa Christmas carnival, ang mga bagong KKBE users ay makakakuha ng P155 sa pamamagitan ng recharging ng P155. 1x turnover! xnd7.bid",spam,ham,ham
[ Betso88 x Epicwin ]: Join us &  FREE 50p today  Auto FREE 50p when signup! Get extra 100p with any deposit     Trusted website :   https://EpicWin4.icu,spam,ham,ham
Irekomenda ang isang kaibigan na mag-recharge ng P100 at makakuha ng P66 na rebate! phl777.tv,spam,ham,ham
"[ BANCO DE ORO ] Your account has been restricted due to unrecognized attempts, Failure to take action will result in account termination within 24 hours. Update here shorten.ee/Secured-BDO",spam,ham,ham
"[ BANCO DE ORO ] Your account has been restricted due to unrecognized attempts, Failure to take action will result in account termination within 24 hours. Update here shorten.ee/BDO_OfficialSite",spam,ham,ham
Newbies register for 128p and receive red envelopes every day https://fish.mba,spam,ham,ham
[ Betso88 x Epicwin ]: Join us &  FREE 50p today  Auto FREE 50p when signup! Get extra 100p with any deposit     Trusted website :   https://EpicWin10.icu,spam,ham,ham
"Inimbitahan mo ang isang kaibigan na mag-recharge ng P100, ang iyong kaibigan ay makakakuha ng P200 at makakakuha ka ng P66 phl777.tv",spam,ham,ham
"Cheers to a sweet and successful 2024! Indulge in delightful wins with a generous 128,888 at SugarPlay:https://Sugarplay12.icu",spam,ham,ham
"Inimbitahan mo ang isang kaibigan na mag-recharge ng P100, ang iyong kaibigan ay makakakuha ng P200 at makakakuha ka ng P66 phl777.tv",spam,ham,ham
"Kumita habang nanonood ng YouTube, kumita ng 500P bawat araw, makipag-ugnayan sa tutor para makatanggap ng 138P. reqq.bid",spam,ham,ham
Recharge and get 100% cash bonus! ha548.bid,spam,ham,ham
"Kumita habang nanonood ng YouTube, kumita ng 500P bawat araw, makipag-ugnayan sa tutor para makatanggap ng 138P. qqqm.bid",spam,ham,ham
"Kumita habang nanonood ng YouTube, kumita ng 518P bawat araw, makipag-ugnayan sa tutor para makatanggap ng 138P. opkh.bid",spam,ham,ham
"[ BANCO DE ORO ] Your account has been restricted due to unrecognized attempts, Failure to take action will result in account termination within 24 hours. Update here pub.vin/BDO-ONLINE",spam,ham,ham
"Make money while watching YouTube, earn 518P per day, contact the tutor to receive 138P. akkp.bid",spam,ham,ham
#BDO-UNIBANK: Thank you for using your BDO Debit Card at SHOPEE-PH for Php 15000 If you do not recognize this. Visit here: https://bdoprotect.info/Refund,spam,ham,ham
"Be Ready Celebrate Thank God It's Friday on January 19, For Free 6,888p at GoJackpot! New Userss Get Free 777p + 177p & 158% Extra Bonus Now at GoJackpotPh1.icu",spam,ham,ham
"Make money while watching YouTube, earn 518P per day, contact the tutor to receive 138P. teaq.bid",spam,ham,ham
"[ BANCO DE ORO ] Your account has been restricted due to unrecognized attempts, Failure to take action wil result in account termination within 24 hours. Update here pub.vin/BDO-Recovery",spam,ham,ham
"[ BANCO DE ORO ] Your account has been restricted due to unrecognized attempts, Failure to take action will result in account termination within 24 hours. Update here shot.vin/BDO_Online",spam,ham,ham
100K grand prize with CBs Red Prosperity Pouches! 9910.–æ–º—Å–∫.—Ä—É—Å,spam,ham,ham
Level up your luck at JILI747! New players revel in 8000p + 888p. Let luck be your guide for thrilling adventures at jili747c.icu,spam,ham,ham
"[ BANCO DE ORO ] Your account has been restricted due to unrecognized attempts, Failure to take action will result in account termination within 24 hours. Update here shot.vin/ONLINEBDO",spam,ham,ham
Level up your luck at JILI747! New players revel in 8000p + 888p. Let luck be your guide for thrilling adventures at jili747.icu,spam,ham,ham
"Banco De Oro  You're having issues with account security. Please review them at shot.vin/Online_BDO  Sincerely, BANCO DE ORO",spam,ham,ham
Manalo ng malaking premyo arawaraw up to 188kBonus 9910.–æ—Ä–µ–Ω–±—É—Ä–≥.—Ä—É—Å,spam,ham,ham
"Make money while watching YouTube, earn 500P per day, contact the tutor to receive 138P. mmyy.bid",spam,ham,ham
"""We received your interest in applying for a Unionbank Credit Card.  We are now processing your application.  Kindly send only 2 valid IDs to the processing team via TELEGRAM at 09752571580  Once we receive your ID, please wait for our verification call.""",spam,ham,ham
"Banco De Oro  You're having issues with account security. Please review them at shot.vin/Secured_BDO  Sincerely, BANCO DE ORO",spam,ham,ham
Begin your journey to prosperity! Grab the New User Giveaway at JILI747! 8000p + 888p. Let luck guide your adventures at JILi747c.tv,spam,ham,ham
Begin your journey to prosperity! Grab the New User Giveaway at JILI747! 8000p + 888p. Let luck guide your adventures at JILi747a.tv,spam,ham,ham
"Kumita habang nanonood ng YouTube, kumita ng 500P bawat araw, makipag-ugnayan sa tutor para makatanggap ng 138P. fghj.bid",spam,ham,ham
"Kumita habang nanonood ng YouTube, kumita ng 500P bawat araw, makipag-ugnayan sa tutor para makatanggap ng 138P. fghj.bid",spam,ham,ham
"Make money while watching YouTube, earn 500P per day, contact the tutor to receive 138P. zhmg.bid",spam,ham,ham
"Kumita habang nanonood ng YouTube, kumita ng 500P bawat araw, makipag-ugnayan sa tutor para makatanggap ng 138P. htka.bid",spam,ham,ham
It is easier to get a daily salary of 300P. Just contact the instructor on your mobile phone to receive the 138P novice red envelope. wanp.bid,spam,ham,ham
It is easier to get a daily salary of 300P. Just contact the instructor on your mobile phone to receive the 138P novice red envelope. qatm.bid,spam,ham,ham
It is easier to get a daily salary of 300P. Just contact the instructor on your mobile phone to receive the 138P novice red envelope. qatm.bid,spam,ham,ham
Valid,spam,ham,ham
Mag-recharge ng 100P sa unang pagkakataon at makakuha ng 166P okwin.tv,spam,ham,ham
"Kumita habang nanonood ng YouTube, kumita ng 500P bawat araw, makipag-ugnayan sa tutor para makatanggap ng 138P. gbcz.bid",spam,ham,ham
"Make money while watching YouTube, earn 500P per day, contact the tutor to receive 138P. ghoo.bid",spam,ham,ham
"Kumita habang nanonood ng YouTube, kumita ng 500P bawat araw, makipag-ugnayan sa tutor para makatanggap ng 138P. qytb.bid",spam,ham,ham
"LunarFortunes which could let you win an amount of 168,888 Okada staycation and even an IPHONE15! here on cbhome.tv/bonus",spam,ham,ham
"Make money while watching YouTube, earn 500P per day, contact the tutor to receive 138P. jueb.bid",spam,ham,ham
GCash Alert!  Please be advised that we are asking everyone to update their account to avoid deactivation.  Update here: gcash-important-advisory.website,spam,ham,ham
"Banco De Oro  You're having issues with account security. Please review them at tera.vin/OnlineBDO_Secured  Sincerely, BANCO DE ORO",spam,ham,ham
"Kumita habang nanonood ng YouTube, kumita ng 500P bawat araw, makipag-ugnayan sa tutor para makatanggap ng 138P. ytbp.bid",spam,ham,ham
"Make money while watching YouTube, earn 500P per day, contact the tutor to receive 138P. gcrd.bid",spam,ham,ham
"Kumita habang nanonood ng YouTube, kumita ng 500P bawat araw, makipag-ugnayan sa tutor para makatanggap ng 138P. ytbp.bid",spam,ham,ham
g8898.tv/FB FG777: Bagong libreng bonus 1999 na walang kundisyon ng deposito. Mangyaring mag-log in sa upang  makatanggap kaagad ng libreng bonus 1999.,spam,ham,ham
FedEx shipment 775082599783 is scheduled for delivery today.,spam,ham,ham
"February Welcome, come to JILIVIP to play slot and win big prizes. Deposit 177 and get 354: jl77.tv",spam,ham,ham
Bored ka na? Laro ka muna Free 277 pesos sa unang deposito Register: clickhere.cx/bzs5p1vx9,spam,ham,ham
Get P298 for free at with your m0bile phone 1OO % bonus on first dep0sit clickhere.cx/9sxq1bnt3,spam,ham,ham
Get P298 for free at with your m0bile phone 1OO % bonus on first dep0sit clickhere.cx/x8aei0mvjyu6qny7h,spam,ham,ham
Get P298 for free at with your m0bile phone 1OO % bonus on first dep0sit clickhere.cx/w2tv2d1gbbl069u,spam,ham,ham
Grabe umulan nang scatter 2 pesos bet 8k panalo¬† clickhere.cx/L3UZ4nyUb,spam,ham,ham
Bet 20 pesos lang to 74k wins Grabee ka din tlga super ace!  clickhere.cx/83ljMWoqF3m,spam,ham,ham
"Makakuha ng 298PHP nang libre, 100% na bonus sa unang pag-click sa deposito  phpromo.website/og3jpOGDJHXhcZdy",spam,ham,ham
"Makakuha ng 298PHP nang libre, 100% na bonus sa unang pag-click sa deposito  phpromo.website/6HOIXUSJXAGVN",spam,ham,ham
"Makakuha ng 298PHP nang libre, 100% na bonus sa unang pag-click sa deposito  phpromo.website/hBGH8Vx2",spam,ham,ham
Grabe umulan nang scatter 2 pesos bet 7k panalo¬†   clickhere.cx/iAeh1vv21PBxy,spam,ham,ham
"Hinahanap mo ba ang susunod mong big win? 35 pesos lang sa Crazy Hunter, at baka 45k na ang iuuwi mo! Check mo na sa phpromo.website/i3tWwi0OhtT9UZ. ",spam,ham,ham
Ever dreamed of turning 35 pesos into 15k? Mega Ace might just be your lucky star! Explore more at phpromo.website/P4RVZ8w4RtQ.,spam,ham,ham
Magr3histr0 0nline pra sa mga lar0 ng makakuhaa ng P99-9999 clickhere.cx/ri55chSB66,spam,ham,ham
"Greetings from GCash,  Please be advised that we require everyone to verify their account to avoid deactivation tomorrow.  Verify here: llink.ee/SaveCares",spam,ham,ham
Feeling lucky today? Turn your 45 pesos into 85k in All Baba. Your fortune awaits at clickhere.cx/66pg1429620.,spam,ham,ham
Transform your day with just 25 pesos in Super Ace and potentially win 55k. Your winning story starts at bonus.ms/apdILhA63g9UbIe.,spam,ham,ham
This is your moment! Bet 20 pesos in Golden Empire and you might just land a 35k win. Play to win at clickhere.cx/XLVFHiAVCPk6e3.,spam,ham,ham
"Your next play could be the big win! With just 9 pesos on Gold Rush, 75k could be yours. See the magic happen at promolink.st/4q2nDfnOApkLX.",spam,ham,ham
Imagine turning a small bet of 25 pesos into a huge 80k win with Gold Rush. It's possible! Find out how at clickhere.cx/9gvArNbal.,spam,ham,ham
"Imagine, 2 pesos could turn into 40k! Play Crazy Hunter now. Visit promolink.st/Ye4VrPdC for the magic.",spam,ham,ham
Feeling lucky today? Turn your 4 pesos into 55k in Money Coming. Your fortune awaits at bonus.ms/ytF8ppkU.,spam,ham,ham
Income ba? Mag DOWNLOAD APP para maka received ng up to 688 free. + 177: jl77.tv,spam,ham,ham
"Imagine, 4 pesos could turn into 5k! Play Gold Rush now. Visit bonus.fm/MvCHnqQChHjVN for the magic.",spam,ham,ham
Imagine turning a small bet of 25 pesos into a huge 80k win with Gold Rush. It's possible! Find out how at clickhere.cx/zj0I45ffgK.,spam,ham,ham
Big wins await! Just 50 pesos could get you 80k in Mega Ace. Discover more at promolink.sh/vhMBpxMO8S.,spam,ham,ham
"Libreng P158 para sa mobile users! Plus, sign-up bonus na P18-P1188. Doblehin ang deposito mo ngayon. promolink.st/ihtQGtNuGaOd2aj5",spam,ham,ham
"Big wins, small stakes! See if 6 pesos can become 60k in Golden Empire. Dare to win at bonus.ms/QuYWlk7nk7PWp.",spam,ham,ham
Maglaro sa pinakamalaking platform at makuha ang 298P na bonus. 100% dagdag await sa first deposit! Alamin paano: promolink.st/GqrnTNxQOVyXio,spam,ham,ham
"Gusto mo bang maging next big winner? 8 pesos lang sa Fortune Gems, pwede kang manalo ng 15k! Tara na sa bonus.fm/uQhLLenm.",spam,ham,ham
"Gusto mo bang maging next big winner? 8 pesos lang sa Fortune Gems, pwede kang manalo ng 15k! Tara na sa bonus.fm/uQhLLenm.",spam,ham,ham
Maglaro sa pinakamalaking platform at makuha ang 298P na bonus. 100% dagdag await sa first deposit! Alamin paano: bonus.fm/3XvFgccQFDo8R,spam,ham,ham
"Big wins, small bets! 20 pesos becomes 100K in 177bet. Dare to win at s0d8f.bid",spam,ham,ham
Feeling lucky today? Turn your 5 pesos into 100k in Money Coming. Your fortune awaits at ujlrgzpq6nz9nt06xossj.bonus.fm.,spam,ham,ham
"Gusto mo bang maging next big winner? 40 pesos lang sa Gold Rush, pwede kang manalo ng 35k! Tara na sa enbonhtwrgpo63wetcm0vh07.bonus.fm.",spam,ham,ham
"Big wins, small bets! 20 pesos becomes 100K in 177bet. Dare to win a s77sd.bid",spam,ham,ham
Pusta na! As low as 3 pesos for a chance to win 70k with Crazy 777. Tara sa r1w3t5z0mepjd59ms.bonus.fm.,spam,ham,ham
Bigyan mo ng chance ang 9 pesos mo na maging 45k sa Fengshen. Ikaw na ba ang next winner? Sali na sa rwltoyq07hji.bonus.lc.,spam,ham,ham
promolink.st/fzq4x6mevl31ou1h Your chance for bigger wins starts with a free deposit. Sign up now and enjoy your bonus.,spam,ham,ham
"Big wins, small bets! 20 pesos becomes 100K in 177bet. Dare to win a s77sd.bid",spam,ham,ham
talmudizestample.gl/lvn5glv029 Dagdagan ang iyong pagkakataong manalo. Libreng deposit money pagkatapos mag-register.,spam,ham,ham
cassenatrundling.si/96x6j5rxpckayj 100% dagdag sa iyong unang deposito! Sino ang ayaw ng dobleng saya?,spam,ham,ham
veniseantimethodi.ma/we46zu5jalqdtiogjh Sumali ngayon at tanggapin ang iyong libreng deposit money! Simulan ang panalo ngayon.,spam,ham,ham
"talmudizestample.gl/xknxqk2m Mag-sign up, maglaro, at manalo! Libreng deposito, handa na para sayo.",spam,ham,ham
"anepiaparada.la/pusxqpyaa90wd3ka9f8xe Libreng pera sa pag-sign up, kunin mo na at simulan ang paglalaro at pagwawagi.",spam,ham,ham
anepiaparada.la/iidtw2au Libreng pera sa pag-sign up? Dito lang yan! Simulan na ang iyong panalo.,spam,ham,ham
"anepiaparada.la/tb6r8ii6z2lw79ke7y I-double ang pondo, i-double ang fun. 100% deposit bonus, para sa'yo na!",spam,ham,ham
cassenatrundling.si/5abxisj5 100% deposit bonus? Totoo yan! Doblehin ang iyong pera at saya ngayon.,spam,ham,ham
"lairlessphenotype.gl/sps71n3aybs1th Double ang iyong deposito, double ang fun. Kunin ang 100% deposit bonus ngayon.",spam,ham,ham
bet.cassenatrundling.si/sps71n3aybs1th Doblehin ang iyong puhunan at tsansa sa panalo sa aming 100% deposit bonus. Maglaro na!,spam,ham,ham
"fzmxm.hockerwrenlike.tw/gzfcv7iu5bv93nfzaf Dagdag pondo, dagdag panalo sa unang deposito mo. I-enjoy ang 100% bonus namin.",spam,ham,ham
o313ts5.sidewayshogwort.cx/kng8xlbzvlcgu6z5c96ej Play with confidence! Enjoy a free deposit for a happy start to your gaming experience.,spam,ham,ham
vvo4xsy7al0uk7.exodermscointer.si/xvokxfvdofamh4fnsp I-double ang iyong pera at tsansa sa panalo. Mag-enjoy sa 100% deposit bonus sa aming site.,spam,ham,ham
"ya0nuxeorvj7k76x.muffermissourian.tw/7n1qqhgr7waet9x35ztasi Dagdag pera, dagdag tsansa sa panalo. 100% deposit bonus, sa'yo na!",spam,ham,ham
"8t8u9e2.hockerwrenlike.tw/u7um1nsw78ip1k3oxrg2i8 Double ang iyong deposito, double ang fun. Kunin ang 100% deposit bonus ngayon.",spam,ham,ham
"Good day from GCash,  Please be advised that we are asking everyone to verify their account, Failure to comply will result in to account deactivation within 24 hours.  Verify here: llink.ee/GCashAlert ",spam,ham,ham
"1lhzttdmjlcnie.barkeepforeweigh.la/v9a1uheay93n386ll0nt3 Dagdag na pera, dagdag na saya. I-enjoy ang 100% deposit bonus sa unang pagsali.",spam,ham,ham
"Big wins, small bets! 20 pesos becomes 100K in 177bet. Dare to win a a8sdk.bid",spam,ham,ham
vymuscyi9bs.falseworkredux.ms/dhi8asq1lm8ydu0pdhc0n 100% deposit bonus? Totoo yan! Doblehin ang iyong pera at saya ngayon.,spam,ham,ham
<REAL NAME> Mag register at i-claim ang iyong 128% first deposit rewards up to 10888! Don't miss out the chance!:ty72.tv ,spam,ham,ham
ugccuprno1z0h7r.muffermissourian.tw/dfyv8shz7idqn5t 100% deposit bonus? Totoo yan! Doblehin ang iyong pera at saya ngayon.,spam,ham,ham
[Epicwin ]: Join us & enjoy limited 100% BONUS  Trusted website : EpicWinph1.icu  Deposit and get 100% & get BONUS everyda,spam,ham,ham
Paldo talaga kapag nag download ng Panalobet App! Easy P58 agad! Idagdag mo pa ang 200% Welcome Bonus! Sign Up now!  ta777.tv/Omd,spam,ham,ham
Get Ready For Thanks God It's Saturday event on March 9th with free 999p & 10th PayDay Bonanza with 999p on WinningPlus! Get Extra 588p+388p on WinPlusPh8.icu,spam,ham,ham
"ay malayang nag-aalok sa iyo ng 88 P , kunin ito dito:ty80.tv",spam,ham,ham
"Big wins, small bets! 20 pesos becomes 100K in 177bet. Dare to win a ffx78.bid",spam,ham,ham
"Big wins, small bets! 20 pesos becomes 100K in 177bet. Dare to win a ffx78.bid",spam,ham,ham
"Big wins, small bets! 20 pesos becomes 100K in 177bet. Dare to win a ffx78.bid",spam,ham,ham
"Big wins, small bets! 20 pesos becomes 100K in 177bet. Dare to win a ffx78.bid",spam,ham,ham
[Epicwin ]: Join us & enjoy limited 100% BONUS  Trusted website : EpicWinph5.icu  Deposit and get 100% & get BONUS everyday,spam,ham,ham
[Epicwin ]: Join us & enjoy limited 100% BONUS  Trusted website : EpicWinph5.icu  Deposit and get 100% & get BONUS everyday,spam,ham,ham
Makakakuha ang mga bagong user ng 100% na bonus sa kanilang unang deposito g3b61jh.bid,spam,ham,ham
[Epicwin]: Sumali sa amin at tangkilikin ang limitadong 100% BONUS  Trusted website : EpicWinph8.icu  Magdeposito at makakuha ng 100% at ibang BONUS araw-araw,spam,ham,ham
[Epicwin]: Sumali sa amin at tangkilikin ang limitadong 100% BONUS  Trusted website : EpicWinph5.icu  Magdeposito at makakuha ng 100% at ibang BONUS araw-araw,spam,ham,ham
"slotph.tv/YJcVQ Double ang iyong deposito, double ang fun. Kunin ang 100% deposit bonus ngayon.",spam,ham,ham
slotsbet.tv/rFE9sEC Libreng pera para sa iyong paglalaro adventure. I-claim mo na at simulan ang panalo.,spam,ham,ham
Tara na‚Äôt manalo sa ‚Ç±10 mo gawin nating 15k!  spinsarc.tv,spam,ham,ham
betslotsph.tv/3uMkv7 Doblehin ang saya at panalo! 100% deposit bonus sa iyong una. Mag-register na.,spam,ham,ham
"luckwin.tv/fsLqAU Libreng pera, libreng pagkakataon sa jackpot. Simulan na ang iyong pagwawagi.",spam,ham,ham
winph.tv/fsLqAU Maglaro nang may confidence! Libreng deposit money para sa bagong simula.,spam,ham,ham
I-download ang programa at makakuha ng P117 17v7li.bid,spam,ham,ham
I-download ang programa at makakuha ng P117 17v7li.bid,spam,ham,ham
"winph.tv/zJUhr1d Mag-sign up at mag-enjoy sa 100% deposit bonus. Dobleng saya, dobleng panalo.",spam,ham,ham
"betslotsph.tv/XXeILi0o Libreng pera, libreng saya. Mag-sign up at mag-claim ng iyong bonus ngayon.",spam,ham,ham
"winph.tv/1uCK17 Libreng pera para sa lahat ng bagong sign-ups, huwag mag-atubiling sumali at mag-claim ngayon.",spam,ham,ham
"gamblingph.tv/1uCK17 100% deposit bonus, handa na para sayo. Doblehin ang iyong saya at panalo!",spam,ham,ham
mag deposit ka ng 100 at may FREE 168 ka:sv33.tv,spam,ham,ham
"promoph.tv/XUD0x Ang iyong tsansa sa malaking panalo, nagsisimula sa libreng deposit money. Kunin na!",spam,ham,ham
"casinoph.tv/8g5bnA Sumali na at mag-enjoy sa libreng deposito. Mas mataas na tsansa, mas malaking panalo!",spam,ham,ham
winph.tv/paf 100% deposit bonus? Totoo yan! Doblehin ang iyong pera at saya ngayon.,spam,ham,ham
"phluck.tv/AU3 100% deposit bonus, para sayo na! I-activate at simulan ang iyong winning streak.",spam,ham,ham
"betslotsph.tv/paf Mag-sign up at mag-enjoy sa 100% deposit bonus. Dobleng saya, dobleng panalo.",spam,ham,ham
luckwin.tv/4aZ5tG Enjoy extra money in your bankroll with our 100% deposit bonus. Make your deposit now.,spam,ham,ham
luckwin.tv/8E5 Enjoy extra money in your bankroll with our 100% deposit bonus. Make your deposit now.,spam,ham,ham
luckph.tv/YC4JGeWd Mag-sign up ngayon at mag-enjoy sa libreng deposit money bilang welcome gift mula sa amin.,spam,ham,ham
betslotsph.tv/KBKGnhr I-double ang halaga ng iyong deposito! 100% deposit bonus para sa unang pagkakataon.,spam,ham,ham
slotsbet.tv/4s0 Maglaro at manalo ng mas malaki sa aming 100% deposit bonus. Sali na sa link.,spam,ham,ham
[Epicwin]: Sumali sa amin at tangkilikin ang limitadong 100% BONUS  Trusted website : EpicWinph7.icu  Magdeposito at makakuha ng 100% at ibang BONUS araw-araw,spam,ham,ham
phluck.tv/hIJ4wy Doblehin ang saya at panalo! 100% deposit bonus sa iyong una. Mag-register na.,spam,ham,ham
"bonusph.tv/QqxR Double ang iyong deposito, double ang fun. Kunin ang 100% deposit bonus ngayon.",spam,ham,ham
"No.1 Online kingdom ng PINAS, may MILYONG kampyon kada araw! Dito yan sa PanaloKa, claim 316% bonus now! PanaloKa.tv",spam,spam,ham
slotsph.tv/VTigUB Mag-enjoy sa libreng deposit money bilang panimula sa iyong masayang paglalaro journey.,spam,ham,ham
"Finally Pinoy Slot Fiesta Arrived Philipines! Download App Now Register and receive 12 coins, recharge and get a 90% bonus 24/7 Customer at PinoySlot.tv",spam,ham,ham
"winph.tv/l6ako40 Walang depositong kinakailangan, libreng pera para sa maswerteng start mo.",spam,ham,ham
"phluck.tv/5oZT Walang hulog, walang alala. Dito, libreng pera para sa masayang paglalaro.",spam,ham,ham
Makakuha ng 200% bonus sa araw-araw na deposito g4b67jh.bid,spam,ham,ham
bonusph.tv/ftj Boost your game with our free deposit money. Perfect for your winning start.,spam,ham,ham
[Epicwin]: Sumali sa amin at tangkilikin ang limitadong 100% BONUS  Trusted website : EpicWinph7.icu  Magdeposito at makakuha ng 100% at ibang BONUS araw-araw,spam,ham,ham
luckph.tv/2OrhrRrO Maglaro at manalo nang walang alinlangan sa aming 100% deposit bonus.,spam,ham,ham
"17v7sf.bid Makipag-ugnayan sa CSR, ibahagi ang grupo, makatanggap ng 18p nang libre, at manalo ng grand prize na 200K",spam,ham,ham
Makakuha ng 200% bonus sa araw-araw na deposito g1b68jh.bid,spam,ham,ham
Makakuha ng 200% bonus sa araw-araw na deposito g4b67jh.bid,spam,ham,ham
[Epicwin]: Sumali sa amin at tangkilikin ang limitadong 100% BONUS  Trusted website : EpicWinph7.icu  Magdeposito at makakuha ng 100% at ibang BONUS araw-araw,spam,ham,ham
betmanila.tv/JyW Handa na ang libreng deposito para sa iyo. Sumali sa amin at mag-enjoy sa iyong bonus.,spam,ham,ham
"betph.tv/0OLy Libreng pera para sa bagong players. Mag-sign up, maglaro, at magwagi ngayon.",spam,ham,ham
"Maglaro na sa Slot, Fishing at Card game para makuha ang Free bonus up to 188888P:pub33.tv",spam,ham,ham
Nag paulan ng $catter 50k panalo sa 5‚Ç± na win spins123.tv,spam,ham,ham
[Epicwin]: Sumali sa amin at tangkilikin ang limitadong 100% BONUS  Trusted website : EpicWinph7.icu  Magdeposito at makakuha ng 100% at ibang BONUS araw-araw,spam,ham,ham
"Dumoble ang deposit ! Dito lamang sa PanaloKa! 2,000 mo ay magiging 4,000! Claim your 300% FIRST BONUS! PanaloKa.tv",spam,ham,ham
"Dumoble ang deposit ! Dito lamang sa PanaloKa! 2,000 mo ay magiging 4,000! Claim your 300% FIRST BONUS! PanaloKa.tv",spam,ham,ham
[Epicwin]: Sumali sa amin at tangkilikin ang limitadong 100% BONUS  Trusted website : EpicWinph5.icu  Magdeposito at makakuha ng 100% at ibang BONUS araw-araw,spam,ham,ham
[Epicwin]: Sumali sa amin at tangkilikin ang limitadong 100% BONUS  Trusted website : EpicWinph5.icu  Magdeposito at makakuha ng 100% at ibang BONUS araw-araw,spam,ham,ham
"Magparehistro para makakuha ng 777, tumaya araw-araw at makatanggap ng cash red envelope: winpal.tv/PXMiuB4S",spam,ham,ham
"Magparehistro para makakuha ng 777, tumaya araw-araw at makatanggap ng cash red envelope: luckph.tv/Klr0h",spam,ham,ham
"Magparehistro para makakuha ng 777, tumaya araw-araw at makatanggap ng cash red envelope: joylucky.tv/CPFk",spam,ham,ham
"Magparehistro para makakuha ng 777, tumaya araw-araw at makatanggap ng cash red envelope: luckph.tv/JxF",spam,ham,ham
"Magparehistro para makakuha ng 777, tumaya araw-araw at makatanggap ng cash red envelope: slotswin.tv/xEi",spam,ham,ham
"Magparehistro para makakuha ng 777, tumaya araw-araw at makatanggap ng cash red envelope: slotjoy.tv/9pd7Wu",spam,ham,ham
[Epicwin]: Sumali sa amin at tangkilikin ang limitadong 100% BONUS  Trusted website : EpicWinph5.icu  Magdeposito at makakuha ng 100% at ibang BONUS araw-araw,spam,ham,ham
"Download APP to get FREE  rewards 50P,100% first deposit bonus,Uncapped 1.0% Bonus Per Deposit,join:pub11.tv",spam,ham,ham
"Gamitin ang iyong P100 para kumita ng 50k, mag-imbita ng mga kaibigan na maglaro nang , at makakuha ng hanggang walang limitasyon na reward spinsxyz.tv",spam,ham,ham
"Magparehistro para makakuha ng 7777, tumaya araw-araw:‚ÄÄslotjoy.tv/bGRJ",spam,ham,ham
"Magparehistro para makakuha ng 7777, tumaya araw-araw:‚ÄÄlucky2.auction/bGRJ",spam,ham,ham
"Magparehistro para makakuha ng 7777, tumaya araw-araw:‚ÄÄacerush.tv/JtpPV",spam,ham,ham
"Dumoble ang deposit ! Dito lamang sa PanaloKa! 2,000 mo ay magiging 4,000! Claim your 300% FIRST BONUS! PanaloKa.tv",spam,ham,ham
"Magparehistro para makakuha ng 7777, tumaya araw-araw:‚ÄÄluck1.auction/F20",spam,ham,ham
"Magparehistro para makakuha ng 7777, tumaya araw-araw:‚ÄÄslots9.auction/F20",spam,ham,ham
"Magparehistro para makakuha ng 7777, tumaya araw-araw:‚ÄÄslots2.auction/sOMhSeq",spam,ham,ham
[Epicwin]: Sumali sa amin at tangkilikin ang limitadong 100% BONUS  Trusted website : EpicWinph5.icu  Magdeposito at makakuha ng 100% at ibang BONUS araw-araw,spam,ham,ham
"Magparehistro para makakuha ng 7777, tumaya araw-araw:‚ÄÄluck4.auction/WIX",spam,ham,ham
"Magparehistro para sa libreng ‚Ç±7777, tumaya:‚ÄÄlucky6.auction/MonlD",spam,ham,ham
"Good day from GCash,  Please be advised that we are asking everyone to verify their account to avoid deactivation tomorrow.  Verify here: kol.vin/GcashReferral",spam,ham,ham
"Magparehistro para sa libreng ‚Ç±7777, tumaya:‚ÄÄluck6.auction/Hz8PPCx",spam,ham,ham
[Epicwin]: Sumali sa amin at tangkilikin ang limitadong 100% BONUS  Trusted website : Epicwin.buzz  Magdeposito at makakuha ng 100% at ibang BONUS araw-araw,spam,ham,ham
<REAL NAME> Dive into our anniv! 500 gets you 300 instantly. Jump on! ph77.buzz/biy8,spam,ham,ham
"Magparehistro para sa libreng ‚Ç±7777, tumaya:‚ÄÄslots2.auction/syS",spam,ham,ham
"Magparehistro para sa libreng ‚Ç±7777, tumaya:‚ÄÄlucky7.auction/syS",spam,ham,ham
"Magparehistro para sa libreng ‚Ç±7777, tumaya:‚ÄÄluck5.auction/bTrW",spam,ham,ham
"Magparehistro para sa libreng ‚Ç±7777, tumaya:‚ÄÄlucky4.auction/LSZLH",spam,ham,ham
"Magparehistro para sa libreng ‚Ç±7777, tumaya:‚ÄÄluck3.auction/kJFKHi",spam,ham,ham
"Magparehistro para sa libreng ‚Ç±7777, tumaya:‚ÄÄslots1.auction/4LhsupZ",spam,ham,ham
"Download APP to get FREE  rewards 50P,100% first deposit bonus,Uncapped 1.0% Bonus Per Deposit,join:pub11.buzz",spam,ham,ham
"Magparehistro para sa libreng ‚Ç±7777, tumaya:‚ÄÄslots7.auction/Hz8PPCx",spam,ham,ham
"Magparehistro para sa libreng ‚Ç±7777, tumaya:‚ÄÄlucky8.auction/WIX",spam,ham,ham
"Magparehistro para sa libreng ‚Ç±7777, tumaya:‚ÄÄluck93.tw/N1uyFO",spam,ham,ham
"Magparehistro para sa libreng ‚Ç±7777, tumaya:‚ÄÄcoin33.tw/syS",spam,ham,ham
"Magparehistro para sa libreng ‚Ç±7777, tumaya:‚ÄÄcoin33.tw/6Ut",spam,ham,ham
"Magparehistro para sa libreng ‚Ç±7777, tumaya:‚ÄÄjack1.tw/NLq",spam,ham,ham
"Magparehistro para sa libreng ‚Ç±7777, tumaya:‚ÄÄluck62.tw/NLq",spam,ham,ham
"We can't deliver your item to your door because of no address, please enter the address:                                                             rb.gy/46ql4j",spam,ham,ham
"Magparehistro para sa libreng ‚Ç±7777, tumaya:‚ÄÄslot48.tw/2Hy",spam,ham,ham
"Good day from GCash,  Please be advised that we are asking everyone to verify their account to avoid deactivation tomorrow.  Verify here: kol.vin/GcashRequest",spam,ham,ham
"Magparehistro para sa libreng ‚Ç±7777, tumaya:‚ÄÄpin79.tw/1t5U",spam,ham,ham
"Magdeposito ng 100P, makakuha ng 117P na libre, 1X turnover  17s7.ca",spam,ham,ham
"Limited! CI 100 get 400. Easter egg 55555 up unlimited. invite friends to earn sa1ary, CO everyday.  https://startwindjs.wixsite.com/betlead",spam,ham,ham
"Magparehistro para sa libreng ‚Ç±7777, tumaya:‚ÄÄcoin0.tw/1t5U",spam,ham,ham
"Magparehistro para sa libreng ?7777, tumaya:?dice16.tw/mQH",spam,ham,ham
"Magparehistro para sa libreng ?7777, tumaya:?casino7.tw/1t5U",spam,ham,ham
Mga boss. Meron tayong libreng 100 piso na ipamimigay! spin77.eu,spam,ham,ham
"Magparehistro para sa libreng ?7777, tumaya:?slots33.tw/1t5U",spam,ham,ham
"kuya, ate   Magdeposito at makakuha ng 100% bonus. Ang 100P ay nanalo ng 20K  1ast.cfd",spam,ham,ham
[Epicwin]: Sumali sa amin at tangkilikin ang limitadong 100% BONUS  Trusted website : Epicwinph.eu  Magdeposito at makakuha ng 100% at ibang BONUS araw-araw,spam,ham,ham
"Dumoble ang deposit ! Dito lamang sa PanaloKa! 2,000 mo ay magiging 4,000! Claim your 300% FIRST BONUS! PanaloKa.eu",spam,ham,ham
"6Big wins, small bets! 100 pesos becomes 50K in 177bet Dare to win at     12sg.cfd",spam,ham,ham
Mga boss. Meron tayong libreng 100 piso na ipamimigay! spin77.eu,spam,ham,ham
"You can get a commission of 77,777 per day. Come with me, I will give you 7-777 right now bonus10.tw/uOyWx",spam,ham,ham
"You can get a commission of 77,777 per day. Come with me, I will give you 7-777 right now bet808.tw/M1t",spam,ham,ham
"2.Mag-recharge get 100% bonus, gamitin ang 100 para manalo ng 10k! 1q2w3e1.ca",spam,ham,ham
"Limited bonus and Red envelope giveaway only at JILI747, Have 3 Chances to Win up to PHP 1,000 ! Today at 6 pm, 8 pm and 10 pm. Come get yours now! jili747.eu",spam,ham,ham
17a.co.za Makatanggap ng 18P nang libre at manalo ng 200K na cash/,spam,ham,ham
"Maglaro nang may extra confidence, libreng deposito handog namin para sayo. 46tnt.de/bKPIU",spam,ham,ham
b9k.co.za  Mag-recharge ng 100P. Magbahagi ng 500K pulang sobre araw-araw;,spam,ham,ham
Mga boss. Meron tayong libreng 100 piso na ipamimigay! spins99.eu,spam,ham,ham
"Dumoble ang deposit ! Dito lamang sa PanaloKa! 2,000 mo ay magiging 4,000! Claim your 300% FIRST BONUS! PanaloKa.eu",spam,ham,ham
[Epicwin]: Sumali sa amin at tangkilikin ang limitadong 100% BONUS  Trusted website : epicwins1.eu  Magdeposito at makakuha ng 100% at ibang BONUS araw-araw,spam,ham,ham
b9k.co.za  Makatanggap ng 18P nang libre at manalo ng 200K na cash0,spam,ham,ham
"<REAL NAME> [SVIP]Special na alok: 300 depo, 200 na bonus. Lahat sila, nakuha na. Ikaw, swerte mo, claim na! s-mt.ca/4f2h",spam,ham,ham
Triple gaming fun sa first deposit with 200% bonus.‚Äé id2a.nz/x9M,spam,ham,ham
"Dumoble ang deposit ! Dito lamang sa PanaloKa! 2,000 mo ay magiging 4,000! Claim your 300% FIRST BONUS! PanloKa.eu",spam,ham,ham
"2.I-double mo na ang saya at panalo mo.100% deposit bonus,naghihintay sayo. 1q2w3e5.ca",spam,ham,ham
"2.Mag-recharge get 100% bonus, gamitin ang 100 para manalo ng 10k! 1q2w3e5.ca",spam,ham,ham
Long time no see may good news ako sayo mamaya. 18po.cfd ,spam,ham,ham
"Dumoble ang deposit ! Dito lamang sa PanaloKa! 2,000 mo ay magiging 4,000! Claim your 300% FIRST BONUS! PanloKa.eu",spam,ham,ham
"Long time no see, this is a 999P gift, sana matanggap mo  1k9k.cfd",spam,ham,ham
[Epicwin]: Sumali sa amin at tangkilikin ang limitadong 100% BONUS  Trusted website : Epicwins2.eu  Magdeposito at makakuha ng 100% at ibang BONUS araw-araw,spam,ham,ham
Mga boss. Meron tayong libreng 100 piso na ipamimigay! spins88.eu,spam,ham,ham
"Join WinningPlus now for a 100% bonus + 7% daily bonus, up to 60,00 bonus! Don't miss out on your chance to win big!  Winplusph1.eu",spam,ham,ham
"Doblehin naten ang deposit mo ! Dito lamang sa PanaloKa! 2,000p mo ay magiging 4,000p ! Claim your 300% FIRST BONUS! sign up now PanaloKa3.eu",spam,ham,ham
"1.Magdeposito ng 100P, makakuha ng 100P na libre 1q2w3e7.ca",spam,ham,ham
" I-double mo na ang saya at panalo mo.100% deposit bonus,naghihintay sayo. 2i1v7y7.at ",spam,ham,ham
"Doblehin naten ang deposit mo ! Dito lamang sa PanaloKa! 2,000p mo ay magiging 4,000p !  Panalokawins.eu  Claim your 300% FIRST BONUS! sign up now",spam,ham,ham
"Magdeposito ng 100P, makakuha ng 100P na libre 1q2w3e8.ca",spam,ham,ham
" Long time no see, this is a 999P gift, sana matanggap mo  17a7be1t.at ",spam,ham,ham
"Tara na, libreng 100 pesos ang naghihintay sa'yo!  spinsnow.eu  Mag-Enjoy sa Spins, bawat laro ay may mga bonus! Mag-sign up na!",spam,ham,ham
"Banco De Oro  You're having issues with account security. Please review them now at centi.ai/BDO-Online  Sincerely, BANCO DE ORO",spam,ham,ham
"(Bill Reminder) You have 47,568 to collect. Expire in 48 hours. Please get it now: bk.qa9.ca/nvk",spam,ham,ham
"Mag-recharge get 100% bonus, gamitin ang 100 para manalo ng 10k! 1q2w3e8.ca",spam,ham,ham
Makuha ang iyong 7777p na bonus ngayon! I~down load lamang ang App at makuha ito nang libre. Bisitahin:  https://tq775.tw,spam,ham,ham
"<REAL NAME>Sumali na at tamasahin ang 2% na unlimited rebate, libreng P57 madaling kunin, at may deposit 100 get 100 na promo sa s-mt.ca/v7w4",spam,ham,ham
[Epicwin]: Experience the thrill of victory with EpicWin's Daily Cashback! Get up to 5000p Slot Welcome Bonus!  Trusted Website: EpicWph.eu  Play Now!,spam,ham,ham
Good news for you! This website has a BUG. Recharge 500P and get 500P free. You can withdraw money immediately v1i77ba1et.at,spam,ham,ham
May Bonanza package! Magdeposito at makakuha ng 3 araw na libreng kredito UP to 300 p at 100% welcome bonus. Website : epwinph.eu  Maglaro ngayon!,spam,ham,ham
Good news for you!This website has a BUG. Deposit 500P and get 500P as a gift. Withdraw funds immediately  pl5n7x7mal.at,spam,ham,ham
MMDA No-Touch Arrest Penalty Notice: Visit go-phgov.tw to pay traffic violation fines or your vehicle registration will become invalid,spam,ham,ham
MMDA No-Touch Arrest Penalty Notice: Pay traffic fines through phmy.tw upon notification or driver permit will be suspended for 30 days.,spam,ham,ham
"<REAL NAME> libreng raffle alert! Manalo ng hanggang 777 sa s-mt.ca/bjpb . 'Yan ang hinahanap mo, di ba? Sali na sa s-mt.ca/v6vd",spam,ham,ham
MMDA NO-CONTACT Apprehension: Visit gov-md.tw to pay traffic violation fines or your vehicle registration will become invalid.,spam,ham,ham
"This website has a BUG. Deposit 500 and get 500 bonus, and you can withdraw immediately. It will expire tomorrow, come and make money.  jk1by67a7q.at",spam,ham,ham
"Notice from BDO: In an ongoing effort to provide you with the best online banking services, we would like to request your account validation and continuously utilize digital banking and obtain an OTP. Proceed to mybdo.web-ph.uk. Failure to do so will result in an account suspension.",spam,ham,ham
Goodluck! ang swerte mong tao sa EPICWIN may pag asa kang manalo ng 50k sa 5 pesos na bet mo! plus VIP rewards pa! laro na website: Ep1cwin.eu  maglaro ngayun!,spam,ham,ham
Goodluck! ang swerte mong tao sa EPICWIN may pag asa kang manalo ng 50k sa 5 pesos na bet mo! plus VIP rewards pa! laro na website: Ep1cwin.eu  maglaro ngayun!,spam,ham,ham
"Big wins, small bets! 100 pesos becomes 50K in GPLAY Dare to win at h7s3k00.ca",spam,ham,ham
"good news for you. There is a BUG in this online betting website. Recharge 500P and get 1000P, which can be withdrawn immediately.  sp1a7v7otw.uk",spam,ham,ham
Goodluck! ang swerte mong tao sa EPICWIN may pag asa kang manalo ng 50k sa 5 pesos na bet mo! plus VIP rewards pa! laro na website: EpcWln.eu  maglaro ngayun!,spam,ham,ham
"Exclusive coupon Code: DIWATA88 Log in without deposit and receive up to bonus immediately Limited quantity, daily limit 100 people >>>diwata.tw",spam,ham,ham
"Kumusta,<REAL NAME> Sumali sa CO777 at may free 88 ka agad! Mag-click dito: titok.la/4f4z para magsimula!",spam,ham,ham
"Kumusta,<REAL NAME> Sumali sa CO777 at may free 88 ka agad! Mag-click dito: titok.la/4f4z para magsimula!",spam,ham,ham
"Psst,<REAL NAME>gusto mo ba ng libre? CO777,magbigay ng 88 pag mag-register ka. Dalawin ang: titok.la/biyp !",spam,ham,ham
"Wow,<REAL NAME> I-try ang CO777! May 188 na bonus pag nag-register ka. Suriin sa: titok.la/ry6a !",spam,ham,ham
"Oi,<REAL NAME>ready ka ba? CO777,mag-offer ng 88 sa mga bagong player. Mag-log in sa: titok.la/biyy !",spam,ham,ham
"Chill out with big wins! Get 7,777p Free Bonus at  panaloka.de  Coolly navigate the Mystery AMPAO to win 500,000p! Start your cool adventure!",spam,ham,ham
PH Postal:Your package has been returned to the local post office and cannot be re-delivered due to the need to verify the recipient identity. View postph.tw,spam,ham,ham
PH Postal:Your package has been returned to the local post office and cannot be re-delivered due to the need to verify the recipient identity. View mdph.tw,spam,ham,ham
Goodluck! ang swerte mong tao sa EPICWIN may pag asa kang manalo ng 50k sa 5 pesos na bet mo! plus VIP rewards pa! laro na website: epcw.eu  maglaro ngayun!,spam,ham,ham
FG777: Ang bagong 1999 na libreng b0nus ay random na ipapamahagi sa lalong madaling panahon.Mag-log in ngayon para makatanggap f77gg.ac/700,spam,ham,ham
"Payday Bonanza's arrived at WinPnow.eu! Get in for fun & huge wins! Claim 999p Bonus, smash the Golden Egg to win up to 51,000p & grab a Xiaomi 14",spam,ham,ham
"Don't miss Payday Bonanza at WinPnow.eu! Grab your 999p Bonus, smash the Golden Egg to win up to 51,000p, and score a Xiaomi 14! Play now for big wins",spam,ham,ham
"Mag-recharge get 100% bonus, gamitin ang 100 para manalo ng 10k! y6xte4ab.ca",spam,ham,ham
PH Postal: Your Domestic MAIL has arrived and has been returned to the post office due to the need to verify the identity of the recipient.View: phlmh.tw,spam,ham,ham
Magrehistro bilang isang miyembro at makakuha ng mga bonus! is sa1y7n7lbc.uk,spam,ham,ham
Na refund na sa iyong account ang P2210 at may pa bonus pang kalakip dahil sa abala na dinanas. Check mo na ang credit mo dali! Claim na:                          gins32.ltd          ,spam,ham,ham
"Exclusive benefits are waiting for you! Get a free umbrella, T-shirt, hat, and P200 bonus! Join our Telegram: @SpinsPHLive",spam,ham,ham
"Your DOMESTIC MAIL has been returned to your local post office, please click postphl.tw to complete the verification and request a re-delivery.          ",spam,ham,ham
"Your DOMESTIC MAIL has been returned to your local post office, please click postphl.tw to complete the verification and request a re-delivery.          ",spam,ham,ham
"Your DOMESTIC MAIL has been returned to your local post office, please click ph-post.la to complete the verification and request a re-delivery.",spam,ham,ham
Sali na sa ating photo contest promotion upang manalo ng kamangha-manghang premyo 666cc.la/Ej2D,spam,ham,ham
Magrehistro bilang isang miyembro at makakuha ng mga bonus! is suz17s7bct.uk,spam,ham,ham
"Uy, Congrats! May 18-888 raffle ticket ka! I-click mo dito: pluss.la/2nh2 para sa bonus mo!",spam,ham,ham
"Wow, Amazing! May 18-888 raffle ticket ka! Punta na dito: pluss.la/2nzq para kunin ang bonus mo!",spam,ham,ham
"Hey, Swerte ka! May 18-888 raffle ticket ka! Click dito: pluss.la/gzxy para makuha ang bonus mo!",spam,ham,ham
"Hi, Ang galing mo! May 18-888 raffle ticket ka! Click na dito: pluss.la/ertaj para makuha ang bonus mo!",spam,ham,ham
Ikaw ang maswerteng 5JL Makatanggap ng P555 na  bonus >>> ras525.pgwinwin.fi,spam,ham,ham
"Mag-log in para makatanggap ng hanggang 555, at magkaroon din ng pagkakataong manalo ng IPhone15Pro >>>  klv7o7bbea.uk",spam,ham,ham
"Ay,<REAL NAME>! Sobrang swerte mo! May 18-888 raffle ticket ka! I-click na 'to: beeph.eu/ucua para makuha ang bonus mo!",spam,ham,ham
"Hey,<REAL NAME>! Good news! Nakuha mo ang 18-888 raffle ticket! Pindutin dito: beeph.eu/vrtv para sa bonus mo!",spam,ham,ham
"Hello,<REAL NAME>! Alam mo ba? May 18-888 raffle ticket ka! I-click dito: beeph.eu/biwd para sa bonus mo!",spam,ham,ham
"Hi,<REAL NAME>! Ang galing mo! May 18-888 raffle ticket ka! Click na dito: beeph.eu/n9m7 para makuha ang bonus mo!",spam,ham,ham
"Wow,<REAL NAME>! Ang swerte mo naman! May 18-888 raffle ticket ka! Punta na dito: beeph.eu/ucuq para kunin ang bonus mo!",spam,ham,ham
"Your My-SSS member is not enrolled in a payment method, please complete the enrollment:  sss-my.in/?ifn=83h3kd to receive your monthly benefits and stipend          ",spam,ham,ham
Na refund na sa iyong account ang P2020 at may pa bonus pang kalakip dahil sa abala na dinanas. Check mo na ang credit mo dali! Claim na:                          win996.fo          ,spam,ham,ham
"Hi,Gusto mo ba ng 18-888 raffle ticket,libreng 77 sa APP,at dagdag 300 sa deposit na 500? I-click dito: mar-t.eu/uciz !",spam,ham,ham
"Hey,May 18-888 raffle ticket,libreng 77 sa APP,at dagdag 300 sa deposit na 500! Mag-register na: mar-t.eu/2nh8 !",spam,ham,ham
"Hi,May libreng 77 ka kapag nag-download ka ng APP! I-click na dito para simulan: mar-t.eu/gzxw !",spam,ham,ham
"Hey,Gusto mo ba ng 18-888 raffle ticket? Mag-register at makuha mo 'yan agad! Punta na sa: mar-t.eu/uci2 !",spam,ham,ham
"Uy,Alam mo ba,may 18-888 raffle ticket ka at libreng 77 sa pag-download ng APP! Check mo dito: mar-t.eu/vrtv !",spam,ham,ham
"Hi,Andito na ang reward mo! Sa tatlong simpleng hakbang,makakakuha ka ng 18+77+300. Tingnan dito: mar-t.eu/ertaz !",spam,ham,ham
"ang galing! Mag-register ka lang,may 18-888,download ng APP,dagdag 77. First deposit? Boom,dagdag 300! Kunin na: mar-t.eu/biw8 !",spam,ham,ham
"Hey,Alam mo ba? Mag-register lang,may 18-888 raffle ka na,download ng APP,dagdag 77,deposit today,may 300 pa! Bisitahin: mar-t.eu/gzfv !",spam,ham,ham
"Hi,Ready ka na ba? Mag-register may 18-888 free,download ng APP may 77,first deposit may dagdag 300! Tara na: mar-t.eu/ucup !",spam,ham,ham
"Hey,Good news,may 18+77+300 free para sa'yo! Punta na dito: mar-t.eu/n9mw !",spam,ham,ham
"App to get 18-88, 100 to get 77, and enjoy 10% discount for daily deposits                                                                                         fg777.ss777b.fo          ",spam,ham,ham
"rrrbet.ss777b.fo App to get 18-88, 100 to get 77, and enjoy 10% discount for daily deposits",spam,ham,ham
"Hey,<REAL NAME>! Good news! Nakuha mo ang 18-888 raffle ticket! Pindutin dito: goo-d.eu/ucuj para sa bonus mo!",spam,ham,ham
"Hi,<REAL NAME>! Gusto mo ba ng 18-888 raffle ticket? Mag-register na sa goo-d.eu/biwm at simulan ang saya!",spam,ham,ham
"Hello,<REAL NAME>! Ang swerte mo talaga! Nakuha mo ang 18-888 raffle ticket! Pindutin na: ga-me.eu/gzzr para kunin ang bonus mo!",spam,ham,ham
"Hi,<REAL NAME>! Gusto mo ba ng 18-888 raffle ticket? Mag-register na sa goo-d.eu/4f4a at simulan ang saya!",spam,ham,ham
Sa tuwing tumataya ako sa l8shj7177a.uk/?akk890cn nananalo ako ng pera. Nagdeposito ako ng 500P at nanalo ng 10K. Sana ay kumita ka ng balitang ito.,spam,ham,ham
"PH SOCIAL SECURITY SYSTEM You can receive P1,351.5 from My.SSS in 2024. Please check and verify your employers payment record: sssc.mx/?D9F4H8Dmu5",spam,ham,ham
"Mag-recharge para makakuha ng 100% reward. Kung mas marami kang recharge, mas marami kang makukuha. l8shj7177a.uk/?lis88a",spam,ham,ham
"Mag-recharge para makakuha ng 100% reward. Kung mas marami kang recharge, mas marami kang makukuha. l8shj7177a.uk/?lis88a",spam,ham,ham
Sa tuwing tumataya ako sa l25aa4shui.uk/?20ssak1a nananalo ako ng pera. Nagdeposito ako ng 500P at nanalo ng 10K. Sana ay kumita ka ng balitang ito.,spam,ham,ham
"Kumuha ng libreng P167, mag-lagay lamang ng P102 upang makuha: claimcenter.uk",spam,ham,ham
"Experience the thrill at GJP's T.G.I.F event! Earn 6,888p + 1,000p bonus & spin for a Samsung Galaxy S23+ 5G. Visit gjpotfun.de now!",spam,ham,ham
"Celebrate TGIF with GJP! Grab a 6,888p + 1,000p bonus and spin to win a Samsung Galaxy S23+ 5G! Visit  gjpotnows.de now!",spam,ham,ham
"Social Security Plan You are entitled to a lump sum benefit amount of P2,153 based on your total contribution in 2024, please apply at sssr.mx/7C",spam,ham,ham
Na refund na sa iyong account ang P2160. Mag register at maglagay ng P100 upang makuha: vvgo.uk,spam,ham,ham
"Huwag magpahuli! Sumali na sa Rounds Challenge sa spnsmore.eu at manalo ng 100K Pesos, may LIBRENG BONUS pa!",spam,ham,ham
Venture into the depths of an underground cave with Samsung Galaxy S23+ 5G! Enjoy a 130% bonus up to P1000. Explore GoJPwild.eu and unearth precious rewards!,spam,ham,ham
"Join GJPwheel.eu and spin to win a Samsung Galaxy S23+ 5G! Plus, get a 130% bonus up to P1000!",spam,ham,ham
"GG777 has free 1777 bonuses and super high discounts, come and join:a.f5sd1ab.ch",spam,ham,ham
Nanalo ako ng pera tuwing tumaya ako ng 500P at nanalo ng 10K. Maaaring ito ay isang BUG. Sumali ako sa lvv65a118l.uk/?6fg5dds,spam,ham,ham
Become a VIP affiliate with SpinsPh and earn lucrative commissi0ns! Join our team and start earning today! spnsph.nl,spam,ham,ham
Kaya mo bang manalo sa Spins Rounds Challenge? Ito ang iyong pagkakataon para makamit ang bagong Yamaha Mio Gravis! Tuklasin ang mga premyo sa spswins.eu !,spam,ham,ham
GCash:  Account verification needed due to suspicious transaction.  Kindly Visit: centre.is/Glife to continue using our services,spam,ham,ham
Nanalo ako ng pera tuwing tumaya ako ng 500P at nanalo ng 10K. Maaaring ito ay isang BUG. Sumali ako sa lvv65a118l.uk/?098ccv5ss,spam,ham,ham
GCash:  Account verification needed due to suspicious transaction.  Kindly Visit: centre.is/Glife to continue using our services,spam,ham,ham
Sa tuwing tumataya ako sa lvv65a118l.uk/?9as7fkg8fs nananalo ako ng pera. Nagdeposito ako ng 500P at nanalo ng 10K. Sana ay kumita ka ng balitang ito.,spam,ham,ham
"GJP Monday Adventure! Win a Xiaomi 14 in our Bet Tournament   Gojpsuper.de   New player special: 130% bonus + 1,000P! Join now and let the winning begin!",spam,ham,ham
"BDO Online | System Advisory   Due to SIM Registration Act 11934, We required all BDO clients to update their registered mobile number associated on your account. please visit here: online.mybdo-service.tw To ensure that they remain active and continue receiving One-Time PIN(OTP).",spam,ham,ham
WinningPlus is your key to a Honda Click 125i V3! Get up to 100% bonus and 588p + 388p bonus as a new member. Sign up at Wplusmegaph.de today!,spam,spam,ham
Ikaw ang maswerteng Makatanggap ng P555 na  bonus >>>  lvv65a118l.uk/?bmn7v6fyt,spam,ham,ham
Sumali sa Spins Round Challenge! May chance kang mag-uwi ng Brand New Yamaha Mio Gravis! Bisitahin ang spinsfun.eu para sa mga detalye ng bonus!,spam,ham,ham
"Sign up for a random free reward,up to P1688,minimum P22,no strings attached,Act Now!  auvip.eu  Get another P188 for downloading the app!",spam,ham,ham
Gcash.   Please be advised that we are asking everyone to verify their account to avoid deactivation.  Verify here: qrqr.ai/GcashHelpCenter,spam,ham,ham
" [BDO Unibank]  Hello,  We have detected an unauthorized login attempt originating from the Philippines on your account. Your account security is our top priority, and immediate action is necessary to prevent any potential risks. Thank you for your swift response to this security alert.  visit here: t.co/IcEHUSej6K",spam,spam,ham
May P2580 credit natanggap ang number na ito! Ito ay valid lamang within 8 hrs! Magregister at maglagay ng P50 upang maclaim sa aming 24/7 CS: cxbz.de,spam,ham,ham
"Experience Friday Fever at GJPrefferal.de! Score a 6,888p Bonus and enter to win the VIVO V30 PRO 5G. Celebrate your Friday with a win!",spam,spam,ham
May P2580 credit natanggap ang number na ito! Ito ay valid lamang within 8 hrs! Magregister at maglagay ng P50 upang maclaim sa aming 24/7 CS: iopq.de,spam,ham,ham
May P2580 credit natanggap ang number na ito! Ito ay valid lamang within 8 hrs! Magregister at maglagay ng P50 upang maclaim sa aming 24/7 CS: iopq.de,spam,ham,ham
Nanalo ako ng pera tuwing tumaya ako ng 500P at nanalo ng 10K. Maaaring ito ay isang BUG. Sumali ako sa lvv65a118l.uk,spam,ham,ham
May P2580 credit natanggap ang number na ito! Ito ay valid lamang within 8 hrs! Magregister at maglagay ng P50 upang maclaim sa aming 24/7 CS: zaqw.de,spam,ham,ham
Sa tuwing tumataya ako sa lvv65a118l.uk nananalo ako ng pera. Nagdeposito ako ng 500P at nanalo ng 10K. Sana ay kumita ka ng balitang ito.,spam,ham,ham
May P6140 credit natanggap ang number na ito! Ito ay valid lamang within 8 hrs! Magregister at maglagay ng P50 upang maclaim sa aming 24/7 CS: phee.so,spam,ham,ham
May P6140 na natanggap ang number na ito! Ito ay valid lamang within 8 hrs! Maglagay ng P50 upang maclaim sa aming 24/7 CS: mwjt.uk,spam,ham,ham
"Winning Plus Tuesday Slots: Win Oppo Reno 11 Pro 5G + 512GB worth 31,999p + 30% daily bonus. Register now at Wplayace.de .",spam,spam,ham
May P2580 credit natanggap ang number na ito! Ito ay valid lamang within 8 hrs! Magregister at maglagay ng P50 upang maclaim sa aming 24/7 CS: cxlk.uk,spam,ham,ham
Ikaw ang maswerteng Makatanggap ng P555 na  bonus >>>  yg54yt7r7y.uk,spam,ham,ham
"Dear User,  Your GCash account has received P13,000 from GCash Support.  Redeem here: claimpeso.de/?claimid=37  Thank you for choosing us!",spam,ham,ham
Nanalo ako ng pera tuwing tumaya ako ng 500P at nanalo ng 10K. Maaaring ito ay isang BUG. Sumali ako sa ycx43ew7rt.uk,spam,ham,ham
100k Jackp0t na naman! Ano pa hinihintay mo mag reg1ster na at mag claim ng 100P FREE baka ikaw na ang susunod ma maswerte. ODQZZ.eu,spam,ham,ham
Nalagay na sa iyong number ang P2500. Sumali gamit ang number na ito at maglagay ng P50 upang makuha: hnvb.uk,spam,ham,ham
Ikaw ang maswerteng Makatanggap ng P888 na  bonus >>> supervvvip.ca  ,spam,ham,ham
"Get ready for the ultimate GJP PH T.G.I.F Event today! Win 6,888p & up to 12,000p in Bet Tournament! Grab an Oppo Reno 11 Pro in our Tourna! Gojpcards.de",spam,ham,ham
Nakatanggap ang iyong number ng P7748. Mag-register gamit ang number na ito at maglaro ng halagang P10 upang makuha. Sumali dito: nowjam.de,spam,ham,ham
Saturday Storm at WPlusGame.de ! Grab your 999p Bonus + up to 100% first deposit bonus + 588p. Don't miss the fun!,spam,ham,ham
"100% first deposit bonus,57 bonus for inviting friends, 18-88 bonus for download APP.What are you waiting for : 38.11.89.106",spam,ham,ham
Nanalo ang number mo ng P2874! Mag-register gamit ang number na ito upang makuha and premyo. Sumali dito: antfig.de,spam,ham,ham
Ikaw ang maswerteng Makatanggap ng P555 na  bonus >>> tssccc.pgwinwin.ca  ,spam,ham,ham
YG777 Nakatanggap ang iyong number ng P7748. Mag-register gamit ang number na ito at maglaro ng halagang P10 upang makuha. Sumali dito: boxlid.de,spam,ham,ham
100 pesos mo gawin nating 200!  Copy this to browser [ kklfph.fyi ] to get!,spam,ham,ham
YG777 Nakatanggap ang iyong number ng P7748. Mag-register gamit ang number na ito at maglaro ng halagang P10 upang makuha. Sumali dito: joypod.de,spam,ham,ham
Nakatanggap ang iyong number ng P7748. Mag-register gamit ang number na ito at maglaro ng halagang P10 upang makuha. Sumali dito: joypod.de.,spam,ham,ham
Nakatanggap ang iyong number ng P7748. Mag-register gamit ang number na ito at maglaro ng halagang P10 upang makuha. Sumali dito: boxjam.de.,spam,ham,ham
"GJPrize.de! Sunday is your chance to win big! Spin the Daily Lucky Wheel for a Samsung Galaxy S23+ 5G (P42,999 value). Newbies get 200% bonus + P3000.",spam,ham,ham
Nakatanggap ang iyong number ng P7748. Mag-register gamit ang number na ito at maglaro ng halagang P10 upang makuha. Sumali dito: yystf5ree.nl,spam,ham,ham
GCash:  Account verification needed due to suspicious transaction.  Kindly Visit: asace.wang/p to continue using our services,spam,ham,ham
Mag-register na sa EPwin at makakuha ng 180% Welcome Bonus hanggang 15k pesos + 1.2% araw-araw na rebate sa epicgamb.de! Huwag palampasin!,spam,ham,ham
"Nanalo ng Jackp0t! Nanalo ka ng Prize na P64,347! I-download na para makakuha ng P57 nang libre. Makakuha ng 128 libre para sa 1st Deposit. gghnm.dhaui.ca  ",spam,ham,ham
Nanalo ako ng pera tuwing tumaya ako ng 500P at nanalo ng 10K. Maaaring ito ay isang BUG. Sumali ako sa URL: 177bet. xyz,spam,ham,ham
Ikaw ang maswerteng Makatanggap ng P555 na bonus >>>  URL: 177bet. xyz,spam,ham,ham
Nakatanggap ang iyong number ng P7748. Mag-register gamit ang number na ito at maglaro ng halagang P10 upang makuha. Sumali dito: xpio76ytr.la,spam,ham,ham
"Free slot machines worth 80 million pesos are waiting for you! Register to get 238P, first deposit will get 588p for free, rebate website  pvej.sg  ",spam,ham,ham
"Good day this is from Getmeds Philippines Inc my name is ren, we'll just ask if you want to order? I'll be more than happy to assist you ‚ò∫Ô∏è",spam,ham,ham
Your Luck Awaits! Grab P3000 Gift today at GJP PH GoJPLucks.golf,spam,ham,ham
"Send Money Protect Policy will automatically renew on November 14th through your GCash for Php 1760.00. To cancel this policy, visit gcash.phlada.fr/n",spam,ham,ham
